"project_id","site_id","datetime","duration","variable","observation","n"
"smartx",42,2022-07-25,"P1M","CH4_slope_umol_m2_d",429.916189,1
"smartx",310,2016-06-10,"P1M","CH4_slope_umol_m2_d",257.9338038,1
"smartx",310,2016-07-07,"P1M","CH4_slope_umol_m2_d",554.8451922,1
"smartx",310,2016-07-27,"P1M","CH4_slope_umol_m2_d",910.4089157,1
"smartx",310,2016-08-23,"P1M","CH4_slope_umol_m2_d",118.6958233,1
"smartx",310,2016-10-04,"P1M","CH4_slope_umol_m2_d",150.2680046,1
"smartx",310,2016-11-07,"P1M","CH4_slope_umol_m2_d",47.42734727,1
"smartx",310,2016-12-09,"P1M","CH4_slope_umol_m2_d",47.70321244,1
"smartx",310,2017-04-11,"P1M","CH4_slope_umol_m2_d",6.53281705,1
"smartx",310,2017-05-17,"P1M","CH4_slope_umol_m2_d",28.96860093,1
"smartx",310,2017-06-06,"P1M","CH4_slope_umol_m2_d",119.7836901,1
"smartx",310,2017-06-29,"P1M","CH4_slope_umol_m2_d",500.7766573,1
"smartx",310,2017-07-25,"P1M","CH4_slope_umol_m2_d",374.6687551,1
"smartx",310,2017-08-24,"P1M","CH4_slope_umol_m2_d",238.304999,1
"smartx",310,2017-09-29,"P1M","CH4_slope_umol_m2_d",184.8198923,1
"smartx",310,2017-10-20,"P1M","CH4_slope_umol_m2_d",135.4364572,1
"smartx",310,2017-11-20,"P1M","CH4_slope_umol_m2_d",12.08149121,1
"smartx",310,2017-12-07,"P1M","CH4_slope_umol_m2_d",-39.85379231,1
"smartx",310,2018-05-03,"P1M","CH4_slope_umol_m2_d",5.959659116,1
"smartx",310,2018-06-06,"P1M","CH4_slope_umol_m2_d",162.6581719,1
"smartx",310,2018-07-26,"P1M","CH4_slope_umol_m2_d",451.4931889,1
"smartx",310,2018-09-19,"P1M","CH4_slope_umol_m2_d",1123.168437,1
"smartx",310,2018-10-18,"P1M","CH4_slope_umol_m2_d",6.027941872,1
"smartx",310,2018-11-16,"P1M","CH4_slope_umol_m2_d",212.6919035,1
"smartx",310,2022-04-04,"P1M","CH4_slope_umol_m2_d",23.93046899,1
"smartx",310,2022-05-03,"P1M","CH4_slope_umol_m2_d",136.9495227,1
"smartx",310,2022-06-01,"P1M","CH4_slope_umol_m2_d",410.4646009,1
"smartx",310,2022-06-28,"P1M","CH4_slope_umol_m2_d",385.7912715,1
"smartx",310,2022-07-25,"P1M","CH4_slope_umol_m2_d",648.3978648,1
"smartx",310,2022-08-22,"P1M","CH4_slope_umol_m2_d",615.2177346,1
"smartx",310,2022-09-15,"P1M","CH4_slope_umol_m2_d",318.5006541,1
"smartx",310,2023-04-17,"P1M","CH4_slope_umol_m2_d",152.9328053,1
"smartx",310,2023-05-12,"P1M","CH4_slope_umol_m2_d",94.72576271,1
"smartx",310,2023-07-11,"P1M","CH4_slope_umol_m2_d",368.0844484,1
"smartx",310,2023-08-14,"P1M","CH4_slope_umol_m2_d",409.3643822,1
"smartx",311,2016-06-10,"P1M","CH4_slope_umol_m2_d",205.8828332,1
"smartx",311,2016-07-06,"P1M","CH4_slope_umol_m2_d",286.8966943,1
"smartx",311,2016-07-27,"P1M","CH4_slope_umol_m2_d",538.2939736,1
"smartx",311,2016-08-23,"P1M","CH4_slope_umol_m2_d",320.4838982,1
"smartx",311,2016-10-05,"P1M","CH4_slope_umol_m2_d",457.8740081,1
"smartx",311,2016-11-07,"P1M","CH4_slope_umol_m2_d",11.95586668,1
"smartx",311,2016-12-09,"P1M","CH4_slope_umol_m2_d",9.646393325,1
"smartx",311,2017-04-11,"P1M","CH4_slope_umol_m2_d",12.7132409,1
"smartx",311,2017-05-17,"P1M","CH4_slope_umol_m2_d",139.6977992,1
"smartx",311,2017-06-06,"P1M","CH4_slope_umol_m2_d",101.6653234,1
"smartx",311,2017-06-29,"P1M","CH4_slope_umol_m2_d",613.9867584,1
"smartx",311,2017-07-25,"P1M","CH4_slope_umol_m2_d",109.144131,1
"smartx",311,2017-08-24,"P1M","CH4_slope_umol_m2_d",214.7533354,1
"smartx",311,2017-09-29,"P1M","CH4_slope_umol_m2_d",27.34795193,1
"smartx",311,2017-10-20,"P1M","CH4_slope_umol_m2_d",44.97484058,1
"smartx",311,2017-11-20,"P1M","CH4_slope_umol_m2_d",14.24135232,1
"smartx",311,2017-12-07,"P1M","CH4_slope_umol_m2_d",-4.639686158,1
"smartx",311,2018-05-03,"P1M","CH4_slope_umol_m2_d",0.025726847,1
"smartx",311,2018-07-26,"P1M","CH4_slope_umol_m2_d",573.6467184,1
"smartx",311,2018-09-19,"P1M","CH4_slope_umol_m2_d",1144.914415,1
"smartx",311,2018-10-18,"P1M","CH4_slope_umol_m2_d",266.0095174,1
"smartx",311,2018-11-16,"P1M","CH4_slope_umol_m2_d",349.5777845,1
"smartx",311,2022-04-04,"P1M","CH4_slope_umol_m2_d",48.76469674,1
"smartx",311,2022-05-03,"P1M","CH4_slope_umol_m2_d",223.3345729,1
"smartx",311,2022-06-01,"P1M","CH4_slope_umol_m2_d",414.6301243,1
"smartx",311,2022-06-28,"P1M","CH4_slope_umol_m2_d",258.5352799,1
"smartx",311,2022-07-25,"P1M","CH4_slope_umol_m2_d",764.5321633,1
"smartx",311,2022-08-22,"P1M","CH4_slope_umol_m2_d",1204.070297,1
"smartx",311,2022-09-15,"P1M","CH4_slope_umol_m2_d",227.8753375,1
"smartx",311,2023-04-17,"P1M","CH4_slope_umol_m2_d",232.0061934,1
"smartx",311,2023-05-12,"P1M","CH4_slope_umol_m2_d",83.05735047,1
"smartx",311,2023-07-11,"P1M","CH4_slope_umol_m2_d",394.6830535,1
"smartx",311,2023-08-14,"P1M","CH4_slope_umol_m2_d",476.0319223,1
"smartx",312,2016-06-10,"P1M","CH4_slope_umol_m2_d",252.182119,1
"smartx",312,2016-07-06,"P1M","CH4_slope_umol_m2_d",505.8632473,1
"smartx",312,2016-07-27,"P1M","CH4_slope_umol_m2_d",440.1275389,1
"smartx",312,2016-08-23,"P1M","CH4_slope_umol_m2_d",247.2298203,1
"smartx",312,2016-10-05,"P1M","CH4_slope_umol_m2_d",297.6683933,1
"smartx",312,2016-11-07,"P1M","CH4_slope_umol_m2_d",116.4042071,1
"smartx",312,2016-12-09,"P1M","CH4_slope_umol_m2_d",22.44213874,1
"smartx",312,2017-04-11,"P1M","CH4_slope_umol_m2_d",41.05285045,1
"smartx",312,2017-05-17,"P1M","CH4_slope_umol_m2_d",52.10823627,1
"smartx",312,2017-06-06,"P1M","CH4_slope_umol_m2_d",251.8693606,1
"smartx",312,2017-06-29,"P1M","CH4_slope_umol_m2_d",765.1315371,1
"smartx",312,2017-07-25,"P1M","CH4_slope_umol_m2_d",292.7014423,1
"smartx",312,2017-08-24,"P1M","CH4_slope_umol_m2_d",365.7208165,1
"smartx",312,2017-09-29,"P1M","CH4_slope_umol_m2_d",34.6177108,1
"smartx",312,2017-10-20,"P1M","CH4_slope_umol_m2_d",248.0058148,1
"smartx",312,2017-11-20,"P1M","CH4_slope_umol_m2_d",19.30753314,1
"smartx",312,2017-12-07,"P1M","CH4_slope_umol_m2_d",-50.94816206,1
"smartx",312,2018-05-03,"P1M","CH4_slope_umol_m2_d",54.46743733,1
"smartx",312,2018-06-06,"P1M","CH4_slope_umol_m2_d",64.98461473,1
"smartx",312,2018-07-26,"P1M","CH4_slope_umol_m2_d",569.755415,1
"smartx",312,2018-09-19,"P1M","CH4_slope_umol_m2_d",2165.929271,1
"smartx",312,2018-10-18,"P1M","CH4_slope_umol_m2_d",27.28084897,1
"smartx",312,2018-11-16,"P1M","CH4_slope_umol_m2_d",370.270925,1
"smartx",312,2022-04-04,"P1M","CH4_slope_umol_m2_d",197.8131942,1
"smartx",312,2022-05-03,"P1M","CH4_slope_umol_m2_d",1008.466705,1
"smartx",312,2022-06-01,"P1M","CH4_slope_umol_m2_d",1027.060571,1
"smartx",312,2022-06-28,"P1M","CH4_slope_umol_m2_d",624.0152349,1
"smartx",312,2022-07-25,"P1M","CH4_slope_umol_m2_d",3548.717616,1
"smartx",312,2022-08-22,"P1M","CH4_slope_umol_m2_d",4666.21926,1
"smartx",312,2022-09-15,"P1M","CH4_slope_umol_m2_d",826.327187,1
"smartx",312,2023-04-17,"P1M","CH4_slope_umol_m2_d",1719.778984,1
"smartx",312,2023-05-12,"P1M","CH4_slope_umol_m2_d",353.9108982,1
"smartx",312,2023-07-11,"P1M","CH4_slope_umol_m2_d",1277.378468,1
"smartx",312,2023-08-14,"P1M","CH4_slope_umol_m2_d",2049.207358,1
"smartx",313,2016-06-10,"P1M","CH4_slope_umol_m2_d",1511.746356,1
"smartx",313,2016-07-27,"P1M","CH4_slope_umol_m2_d",2296.110913,1
"smartx",313,2016-08-23,"P1M","CH4_slope_umol_m2_d",759.8633247,1
"smartx",313,2016-10-05,"P1M","CH4_slope_umol_m2_d",548.8720102,1
"smartx",313,2016-11-07,"P1M","CH4_slope_umol_m2_d",262.8418049,1
"smartx",313,2016-12-09,"P1M","CH4_slope_umol_m2_d",95.81869415,1
"smartx",313,2017-04-11,"P1M","CH4_slope_umol_m2_d",221.5148873,1
"smartx",313,2017-05-17,"P1M","CH4_slope_umol_m2_d",1104.241693,1
"smartx",313,2017-06-06,"P1M","CH4_slope_umol_m2_d",265.9829946,1
"smartx",313,2017-06-29,"P1M","CH4_slope_umol_m2_d",4525.316884,1
"smartx",313,2017-07-25,"P1M","CH4_slope_umol_m2_d",761.7338928,1
"smartx",313,2017-08-24,"P1M","CH4_slope_umol_m2_d",-2011.641155,1
"smartx",313,2017-09-29,"P1M","CH4_slope_umol_m2_d",1596.387138,1
"smartx",313,2017-10-20,"P1M","CH4_slope_umol_m2_d",1386.934816,1
"smartx",313,2017-11-20,"P1M","CH4_slope_umol_m2_d",87.51001351,1
"smartx",313,2017-12-07,"P1M","CH4_slope_umol_m2_d",-32.65077154,1
"smartx",313,2018-05-03,"P1M","CH4_slope_umol_m2_d",100.984646,1
"smartx",313,2018-06-06,"P1M","CH4_slope_umol_m2_d",963.9354794,1
"smartx",313,2018-07-26,"P1M","CH4_slope_umol_m2_d",83034.05335,1
"smartx",313,2018-09-19,"P1M","CH4_slope_umol_m2_d",-4461.284986,1
"smartx",313,2018-10-18,"P1M","CH4_slope_umol_m2_d",774.23313,1
"smartx",313,2018-11-16,"P1M","CH4_slope_umol_m2_d",1331.737898,1
"smartx",313,2022-04-04,"P1M","CH4_slope_umol_m2_d",292.8669631,1
"smartx",313,2022-05-03,"P1M","CH4_slope_umol_m2_d",1738.457445,1
"smartx",313,2022-06-01,"P1M","CH4_slope_umol_m2_d",2937.428492,1
"smartx",313,2022-06-28,"P1M","CH4_slope_umol_m2_d",1333.420574,1
"smartx",313,2022-07-25,"P1M","CH4_slope_umol_m2_d",11848.78826,1
"smartx",313,2022-08-22,"P1M","CH4_slope_umol_m2_d",6905.747281,1
"smartx",313,2022-09-15,"P1M","CH4_slope_umol_m2_d",2035.155574,1
"smartx",313,2023-04-17,"P1M","CH4_slope_umol_m2_d",2867.136981,1
"smartx",313,2023-05-12,"P1M","CH4_slope_umol_m2_d",545.7344715,1
"smartx",313,2023-07-11,"P1M","CH4_slope_umol_m2_d",2409.714302,1
"smartx",313,2023-08-14,"P1M","CH4_slope_umol_m2_d",4437.265386,1
"smartx",320,2016-06-13,"P1M","CH4_slope_umol_m2_d",349.4208249,1
"smartx",320,2016-07-07,"P1M","CH4_slope_umol_m2_d",523.3181392,1
"smartx",320,2016-07-27,"P1M","CH4_slope_umol_m2_d",525.0079789,1
"smartx",320,2016-08-23,"P1M","CH4_slope_umol_m2_d",252.4788024,1
"smartx",320,2016-11-07,"P1M","CH4_slope_umol_m2_d",16.87531795,1
"smartx",320,2016-12-09,"P1M","CH4_slope_umol_m2_d",20.55219417,1
"smartx",320,2017-04-11,"P1M","CH4_slope_umol_m2_d",-6.252248894,1
"smartx",320,2017-05-17,"P1M","CH4_slope_umol_m2_d",156.5664335,1
"smartx",320,2017-06-06,"P1M","CH4_slope_umol_m2_d",175.3829945,1
"smartx",320,2017-06-29,"P1M","CH4_slope_umol_m2_d",827.7505658,1
"smartx",320,2017-07-25,"P1M","CH4_slope_umol_m2_d",469.2174384,1
"smartx",320,2017-08-24,"P1M","CH4_slope_umol_m2_d",240.9516634,1
"smartx",320,2017-09-29,"P1M","CH4_slope_umol_m2_d",145.789977,1
"smartx",320,2017-10-20,"P1M","CH4_slope_umol_m2_d",107.0575008,1
"smartx",320,2017-11-20,"P1M","CH4_slope_umol_m2_d",-0.0016524,1
"smartx",320,2017-12-07,"P1M","CH4_slope_umol_m2_d",-10.52677889,1
"smartx",320,2018-05-03,"P1M","CH4_slope_umol_m2_d",-3.196212316,1
"smartx",320,2018-06-06,"P1M","CH4_slope_umol_m2_d",146.7212815,1
"smartx",320,2018-07-26,"P1M","CH4_slope_umol_m2_d",874.4708342,1
"smartx",320,2018-09-19,"P1M","CH4_slope_umol_m2_d",2776.663463,1
"smartx",320,2018-10-18,"P1M","CH4_slope_umol_m2_d",285.120357,1
"smartx",320,2018-11-20,"P1M","CH4_slope_umol_m2_d",537.3682909,1
"smartx",320,2022-04-04,"P1M","CH4_slope_umol_m2_d",51.44934155,1
"smartx",320,2022-05-03,"P1M","CH4_slope_umol_m2_d",178.3091081,1
"smartx",320,2022-06-01,"P1M","CH4_slope_umol_m2_d",962.7847429,1
"smartx",320,2022-06-28,"P1M","CH4_slope_umol_m2_d",395.2822268,1
"smartx",320,2022-07-25,"P1M","CH4_slope_umol_m2_d",1119.477651,1
"smartx",320,2022-08-22,"P1M","CH4_slope_umol_m2_d",1758.455339,1
"smartx",320,2022-09-15,"P1M","CH4_slope_umol_m2_d",314.2009574,1
"smartx",320,2023-04-17,"P1M","CH4_slope_umol_m2_d",151.3409924,1
"smartx",320,2023-05-12,"P1M","CH4_slope_umol_m2_d",50.07215569,1
"smartx",320,2023-07-11,"P1M","CH4_slope_umol_m2_d",470.793252,1
"smartx",320,2023-08-14,"P1M","CH4_slope_umol_m2_d",578.4760936,1
"smartx",321,2016-07-07,"P1M","CH4_slope_umol_m2_d",454.8235529,1
"smartx",321,2016-07-27,"P1M","CH4_slope_umol_m2_d",183.9205293,1
"smartx",321,2016-08-23,"P1M","CH4_slope_umol_m2_d",-126.9940898,1
"smartx",321,2016-10-05,"P1M","CH4_slope_umol_m2_d",144.1174256,1
"smartx",321,2016-11-07,"P1M","CH4_slope_umol_m2_d",39.84288541,1
"smartx",321,2016-12-09,"P1M","CH4_slope_umol_m2_d",0.540626685,1
"smartx",321,2017-04-11,"P1M","CH4_slope_umol_m2_d",-3.582042985,1
"smartx",321,2017-05-17,"P1M","CH4_slope_umol_m2_d",5.600270803,1
"smartx",321,2017-06-06,"P1M","CH4_slope_umol_m2_d",265.068962,1
"smartx",321,2017-06-29,"P1M","CH4_slope_umol_m2_d",1584.212688,1
"smartx",321,2017-07-25,"P1M","CH4_slope_umol_m2_d",349.0575038,1
"smartx",321,2017-08-24,"P1M","CH4_slope_umol_m2_d",337.1113263,1
"smartx",321,2017-09-29,"P1M","CH4_slope_umol_m2_d",111.35976,1
"smartx",321,2017-10-20,"P1M","CH4_slope_umol_m2_d",190.9039863,1
"smartx",321,2017-11-20,"P1M","CH4_slope_umol_m2_d",-18.01751553,1
"smartx",321,2017-12-07,"P1M","CH4_slope_umol_m2_d",-3.809907423,1
"smartx",321,2018-05-03,"P1M","CH4_slope_umol_m2_d",26.77390628,1
"smartx",321,2018-06-06,"P1M","CH4_slope_umol_m2_d",96.30734587,1
"smartx",321,2018-07-26,"P1M","CH4_slope_umol_m2_d",787.1233511,1
"smartx",321,2018-09-19,"P1M","CH4_slope_umol_m2_d",16817.90983,1
"smartx",321,2018-10-18,"P1M","CH4_slope_umol_m2_d",766.178486,1
"smartx",321,2018-11-16,"P1M","CH4_slope_umol_m2_d",213.7969255,1
"smartx",321,2022-04-04,"P1M","CH4_slope_umol_m2_d",77.81286695,1
"smartx",321,2022-05-03,"P1M","CH4_slope_umol_m2_d",221.326435,1
"smartx",321,2022-06-01,"P1M","CH4_slope_umol_m2_d",302.1139625,1
"smartx",321,2022-06-28,"P1M","CH4_slope_umol_m2_d",343.2428807,1
"smartx",321,2022-07-25,"P1M","CH4_slope_umol_m2_d",742.5775407,1
"smartx",321,2022-08-22,"P1M","CH4_slope_umol_m2_d",1906.74463,1
"smartx",321,2022-09-15,"P1M","CH4_slope_umol_m2_d",371.9995113,1
"smartx",321,2023-04-17,"P1M","CH4_slope_umol_m2_d",314.2237663,1
"smartx",321,2023-05-12,"P1M","CH4_slope_umol_m2_d",94.23775907,1
"smartx",321,2023-07-11,"P1M","CH4_slope_umol_m2_d",411.4964318,1
"smartx",321,2023-08-14,"P1M","CH4_slope_umol_m2_d",325.4796097,1
"smartx",322,2016-06-13,"P1M","CH4_slope_umol_m2_d",1003.004202,1
"smartx",322,2016-07-07,"P1M","CH4_slope_umol_m2_d",802.369006,1
"smartx",322,2016-07-27,"P1M","CH4_slope_umol_m2_d",909.9107908,1
"smartx",322,2016-08-23,"P1M","CH4_slope_umol_m2_d",479.6885385,1
"smartx",322,2016-10-05,"P1M","CH4_slope_umol_m2_d",29.92846467,1
"smartx",322,2016-11-07,"P1M","CH4_slope_umol_m2_d",40.75249556,1
"smartx",322,2016-12-09,"P1M","CH4_slope_umol_m2_d",-0.116932158,1
"smartx",322,2017-04-11,"P1M","CH4_slope_umol_m2_d",5.253983406,1
"smartx",322,2017-05-17,"P1M","CH4_slope_umol_m2_d",271.9814252,1
"smartx",322,2017-06-06,"P1M","CH4_slope_umol_m2_d",279.3153236,1
"smartx",322,2017-06-29,"P1M","CH4_slope_umol_m2_d",1423.494392,1
"smartx",322,2017-07-25,"P1M","CH4_slope_umol_m2_d",420.2969084,1
"smartx",322,2017-08-24,"P1M","CH4_slope_umol_m2_d",285.3266135,1
"smartx",322,2017-09-29,"P1M","CH4_slope_umol_m2_d",251.0147487,1
"smartx",322,2017-10-20,"P1M","CH4_slope_umol_m2_d",113.1660899,1
"smartx",322,2017-11-20,"P1M","CH4_slope_umol_m2_d",11.68715096,1
"smartx",322,2017-12-07,"P1M","CH4_slope_umol_m2_d",26.73756388,1
"smartx",322,2018-05-03,"P1M","CH4_slope_umol_m2_d",38.80627334,1
"smartx",322,2018-06-06,"P1M","CH4_slope_umol_m2_d",135.5552138,1
"smartx",322,2018-07-26,"P1M","CH4_slope_umol_m2_d",734.3930817,1
"smartx",322,2018-09-19,"P1M","CH4_slope_umol_m2_d",1280.065264,1
"smartx",322,2018-10-18,"P1M","CH4_slope_umol_m2_d",971.9327697,1
"smartx",322,2018-11-16,"P1M","CH4_slope_umol_m2_d",347.8737463,1
"smartx",322,2022-04-04,"P1M","CH4_slope_umol_m2_d",93.17573998,1
"smartx",322,2022-05-03,"P1M","CH4_slope_umol_m2_d",573.2033041,1
"smartx",322,2022-06-01,"P1M","CH4_slope_umol_m2_d",665.4985858,1
"smartx",322,2022-06-28,"P1M","CH4_slope_umol_m2_d",538.7259194,1
"smartx",322,2022-07-25,"P1M","CH4_slope_umol_m2_d",2157.19321,1
"smartx",322,2022-08-22,"P1M","CH4_slope_umol_m2_d",2385.872038,1
"smartx",322,2022-09-15,"P1M","CH4_slope_umol_m2_d",464.1633928,1
"smartx",322,2023-04-17,"P1M","CH4_slope_umol_m2_d",1189.713252,1
"smartx",322,2023-05-12,"P1M","CH4_slope_umol_m2_d",331.0432771,1
"smartx",322,2023-07-11,"P1M","CH4_slope_umol_m2_d",929.6284312,1
"smartx",322,2023-08-14,"P1M","CH4_slope_umol_m2_d",808.4419607,1
"smartx",323,2016-06-13,"P1M","CH4_slope_umol_m2_d",541.5773202,1
"smartx",323,2016-07-07,"P1M","CH4_slope_umol_m2_d",543.6999306,1
"smartx",323,2016-07-27,"P1M","CH4_slope_umol_m2_d",677.6093783,1
"smartx",323,2016-08-23,"P1M","CH4_slope_umol_m2_d",167.3019338,1
"smartx",323,2016-10-05,"P1M","CH4_slope_umol_m2_d",189.3693851,1
"smartx",323,2016-11-07,"P1M","CH4_slope_umol_m2_d",62.29722392,1
"smartx",323,2016-12-09,"P1M","CH4_slope_umol_m2_d",-8.71237395,1
"smartx",323,2017-04-11,"P1M","CH4_slope_umol_m2_d",28.55408592,1
"smartx",323,2017-05-17,"P1M","CH4_slope_umol_m2_d",128.6972937,1
"smartx",323,2017-06-06,"P1M","CH4_slope_umol_m2_d",262.468877,1
"smartx",323,2017-06-29,"P1M","CH4_slope_umol_m2_d",836.7589865,1
"smartx",323,2017-07-25,"P1M","CH4_slope_umol_m2_d",702.5253596,1
"smartx",323,2017-08-24,"P1M","CH4_slope_umol_m2_d",240.0309327,1
"smartx",323,2017-09-29,"P1M","CH4_slope_umol_m2_d",334.3714926,1
"smartx",323,2017-10-20,"P1M","CH4_slope_umol_m2_d",238.2368803,1
"smartx",323,2017-11-20,"P1M","CH4_slope_umol_m2_d",-8.674505659,1
"smartx",323,2017-12-07,"P1M","CH4_slope_umol_m2_d",-20.97946029,1
"smartx",323,2018-05-03,"P1M","CH4_slope_umol_m2_d",-1.277396272,1
"smartx",323,2018-06-06,"P1M","CH4_slope_umol_m2_d",104.7555932,1
"smartx",323,2018-07-26,"P1M","CH4_slope_umol_m2_d",811.1507338,1
"smartx",323,2018-09-19,"P1M","CH4_slope_umol_m2_d",1556.193429,1
"smartx",323,2018-10-18,"P1M","CH4_slope_umol_m2_d",462.9553127,1
"smartx",323,2018-11-16,"P1M","CH4_slope_umol_m2_d",189.5769876,1
"smartx",323,2022-04-04,"P1M","CH4_slope_umol_m2_d",350.2444673,1
"smartx",323,2022-05-03,"P1M","CH4_slope_umol_m2_d",1185.271582,1
"smartx",323,2022-06-01,"P1M","CH4_slope_umol_m2_d",1082.296216,1
"smartx",323,2022-06-28,"P1M","CH4_slope_umol_m2_d",665.4064502,1
"smartx",323,2022-07-25,"P1M","CH4_slope_umol_m2_d",2553.966703,1
"smartx",323,2022-08-22,"P1M","CH4_slope_umol_m2_d",2031.726507,1
"smartx",323,2022-09-15,"P1M","CH4_slope_umol_m2_d",1224.264307,1
"smartx",323,2023-04-17,"P1M","CH4_slope_umol_m2_d",1224.914361,1
"smartx",323,2023-05-12,"P1M","CH4_slope_umol_m2_d",369.9527238,1
"smartx",323,2023-07-11,"P1M","CH4_slope_umol_m2_d",1231.438743,1
"smartx",323,2023-08-14,"P1M","CH4_slope_umol_m2_d",1165.98102,1
"smartx",330,2016-06-13,"P1M","CH4_slope_umol_m2_d",272.2992132,1
"smartx",330,2016-07-07,"P1M","CH4_slope_umol_m2_d",359.9613443,1
"smartx",330,2016-07-28,"P1M","CH4_slope_umol_m2_d",354.2782573,1
"smartx",330,2016-08-24,"P1M","CH4_slope_umol_m2_d",174.10488,1
"smartx",330,2016-10-05,"P1M","CH4_slope_umol_m2_d",167.0822033,1
"smartx",330,2016-11-07,"P1M","CH4_slope_umol_m2_d",36.36515044,1
"smartx",330,2016-12-09,"P1M","CH4_slope_umol_m2_d",-3.681562811,1
"smartx",330,2017-04-11,"P1M","CH4_slope_umol_m2_d",36.9694996,1
"smartx",330,2017-05-17,"P1M","CH4_slope_umol_m2_d",60.71709731,1
"smartx",330,2017-06-06,"P1M","CH4_slope_umol_m2_d",68.72161275,1
"smartx",330,2017-06-29,"P1M","CH4_slope_umol_m2_d",209.3185666,1
"smartx",330,2017-07-26,"P1M","CH4_slope_umol_m2_d",336.0774548,1
"smartx",330,2017-08-24,"P1M","CH4_slope_umol_m2_d",102.3513129,1
"smartx",330,2017-09-29,"P1M","CH4_slope_umol_m2_d",127.8773502,1
"smartx",330,2017-10-20,"P1M","CH4_slope_umol_m2_d",143.257406,1
"smartx",330,2017-11-20,"P1M","CH4_slope_umol_m2_d",6.069293572,1
"smartx",330,2017-12-07,"P1M","CH4_slope_umol_m2_d",33.70682739,1
"smartx",330,2018-05-03,"P1M","CH4_slope_umol_m2_d",6.200865155,1
"smartx",330,2018-06-06,"P1M","CH4_slope_umol_m2_d",180.0532872,1
"smartx",330,2018-06-29,"P1M","CH4_slope_umol_m2_d",242.788809,1
"smartx",330,2018-07-26,"P1M","CH4_slope_umol_m2_d",500.3274365,1
"smartx",330,2018-09-19,"P1M","CH4_slope_umol_m2_d",647.0991018,1
"smartx",330,2018-10-18,"P1M","CH4_slope_umol_m2_d",786.2813353,1
"smartx",330,2022-04-04,"P1M","CH4_slope_umol_m2_d",7.542834969,1
"smartx",330,2022-05-03,"P1M","CH4_slope_umol_m2_d",69.18230441,1
"smartx",330,2022-06-01,"P1M","CH4_slope_umol_m2_d",244.5627031,1
"smartx",330,2022-06-28,"P1M","CH4_slope_umol_m2_d",238.9378723,1
"smartx",330,2022-07-25,"P1M","CH4_slope_umol_m2_d",346.520565,1
"smartx",330,2022-08-22,"P1M","CH4_slope_umol_m2_d",358.9812708,1
"smartx",330,2022-09-15,"P1M","CH4_slope_umol_m2_d",153.3369932,1
"smartx",330,2023-04-17,"P1M","CH4_slope_umol_m2_d",68.38794243,1
"smartx",330,2023-05-12,"P1M","CH4_slope_umol_m2_d",56.78509644,1
"smartx",330,2023-07-11,"P1M","CH4_slope_umol_m2_d",290.8035378,1
"smartx",330,2023-08-14,"P1M","CH4_slope_umol_m2_d",271.3489599,1
"smartx",331,2016-06-13,"P1M","CH4_slope_umol_m2_d",274.4667657,1
"smartx",331,2016-07-07,"P1M","CH4_slope_umol_m2_d",342.1732545,1
"smartx",331,2016-07-28,"P1M","CH4_slope_umol_m2_d",525.5152609,1
"smartx",331,2016-08-24,"P1M","CH4_slope_umol_m2_d",200.3353618,1
"smartx",331,2016-10-05,"P1M","CH4_slope_umol_m2_d",151.4236901,1
"smartx",331,2016-11-07,"P1M","CH4_slope_umol_m2_d",83.7651771,1
"smartx",331,2016-12-09,"P1M","CH4_slope_umol_m2_d",9.265521047,1
"smartx",331,2017-04-11,"P1M","CH4_slope_umol_m2_d",1.122780331,1
"smartx",331,2017-05-17,"P1M","CH4_slope_umol_m2_d",13.27588783,1
"smartx",331,2017-06-29,"P1M","CH4_slope_umol_m2_d",221.4367812,1
"smartx",331,2017-07-26,"P1M","CH4_slope_umol_m2_d",494.0259861,1
"smartx",331,2017-08-24,"P1M","CH4_slope_umol_m2_d",128.1821974,1
"smartx",331,2017-09-29,"P1M","CH4_slope_umol_m2_d",105.7539825,1
"smartx",331,2017-10-20,"P1M","CH4_slope_umol_m2_d",221.7537045,1
"smartx",331,2017-11-20,"P1M","CH4_slope_umol_m2_d",31.50606952,1
"smartx",331,2017-12-07,"P1M","CH4_slope_umol_m2_d",-45.19753758,1
"smartx",331,2018-05-03,"P1M","CH4_slope_umol_m2_d",-2.887392858,1
"smartx",331,2018-06-06,"P1M","CH4_slope_umol_m2_d",-14.59727474,1
"smartx",331,2018-06-29,"P1M","CH4_slope_umol_m2_d",106.8667627,1
"smartx",331,2018-07-26,"P1M","CH4_slope_umol_m2_d",285.3960445,1
"smartx",331,2018-09-19,"P1M","CH4_slope_umol_m2_d",535.9264988,1
"smartx",331,2018-10-18,"P1M","CH4_slope_umol_m2_d",217.4328595,1
"smartx",331,2018-11-20,"P1M","CH4_slope_umol_m2_d",301.4715264,1
"smartx",331,2022-04-04,"P1M","CH4_slope_umol_m2_d",25.78002867,1
"smartx",331,2022-05-03,"P1M","CH4_slope_umol_m2_d",97.98158061,1
"smartx",331,2022-06-01,"P1M","CH4_slope_umol_m2_d",163.8230518,1
"smartx",331,2022-06-28,"P1M","CH4_slope_umol_m2_d",171.2996097,1
"smartx",331,2022-07-25,"P1M","CH4_slope_umol_m2_d",252.4269603,1
"smartx",331,2022-08-22,"P1M","CH4_slope_umol_m2_d",631.5343948,1
"smartx",331,2022-09-15,"P1M","CH4_slope_umol_m2_d",233.4526589,1
"smartx",331,2023-04-17,"P1M","CH4_slope_umol_m2_d",110.6254245,1
"smartx",331,2023-05-12,"P1M","CH4_slope_umol_m2_d",71.01425299,1
"smartx",331,2023-07-11,"P1M","CH4_slope_umol_m2_d",299.5164655,1
"smartx",331,2023-08-14,"P1M","CH4_slope_umol_m2_d",335.2272763,1
"smartx",332,2016-06-16,"P1M","CH4_slope_umol_m2_d",275.0175608,1
"smartx",332,2016-07-07,"P1M","CH4_slope_umol_m2_d",480.6205763,1
"smartx",332,2016-07-28,"P1M","CH4_slope_umol_m2_d",541.5656926,1
"smartx",332,2016-08-24,"P1M","CH4_slope_umol_m2_d",198.7408642,1
"smartx",332,2016-10-05,"P1M","CH4_slope_umol_m2_d",65.96390894,1
"smartx",332,2016-11-07,"P1M","CH4_slope_umol_m2_d",96.45877939,1
"smartx",332,2016-12-09,"P1M","CH4_slope_umol_m2_d",3.44042621,1
"smartx",332,2017-04-11,"P1M","CH4_slope_umol_m2_d",7.150976618,1
"smartx",332,2017-05-17,"P1M","CH4_slope_umol_m2_d",25.45083585,1
"smartx",332,2017-06-06,"P1M","CH4_slope_umol_m2_d",223.1227821,1
"smartx",332,2017-06-29,"P1M","CH4_slope_umol_m2_d",313.3280974,1
"smartx",332,2017-07-26,"P1M","CH4_slope_umol_m2_d",682.9152651,1
"smartx",332,2017-08-24,"P1M","CH4_slope_umol_m2_d",113.7552607,1
"smartx",332,2017-09-29,"P1M","CH4_slope_umol_m2_d",113.3899337,1
"smartx",332,2017-10-20,"P1M","CH4_slope_umol_m2_d",214.0583107,1
"smartx",332,2017-11-20,"P1M","CH4_slope_umol_m2_d",76.26797307,1
"smartx",332,2017-12-07,"P1M","CH4_slope_umol_m2_d",-37.42082199,1
"smartx",332,2018-05-03,"P1M","CH4_slope_umol_m2_d",15.05772381,1
"smartx",332,2018-06-06,"P1M","CH4_slope_umol_m2_d",49.51935362,1
"smartx",332,2018-06-29,"P1M","CH4_slope_umol_m2_d",222.095935,1
"smartx",332,2018-07-26,"P1M","CH4_slope_umol_m2_d",223.1154007,1
"smartx",332,2018-09-19,"P1M","CH4_slope_umol_m2_d",1147.188399,1
"smartx",332,2018-10-18,"P1M","CH4_slope_umol_m2_d",262.8931911,1
"smartx",332,2018-11-20,"P1M","CH4_slope_umol_m2_d",27.02285371,1
"smartx",332,2022-04-04,"P1M","CH4_slope_umol_m2_d",50.54274868,1
"smartx",332,2022-05-03,"P1M","CH4_slope_umol_m2_d",208.5078889,1
"smartx",332,2022-06-01,"P1M","CH4_slope_umol_m2_d",384.1630492,1
"smartx",332,2022-06-28,"P1M","CH4_slope_umol_m2_d",306.2220046,1
"smartx",332,2022-07-25,"P1M","CH4_slope_umol_m2_d",767.5889183,1
"smartx",332,2022-08-22,"P1M","CH4_slope_umol_m2_d",1415.47357,1
"smartx",332,2022-09-15,"P1M","CH4_slope_umol_m2_d",383.3195441,1
"smartx",332,2023-04-17,"P1M","CH4_slope_umol_m2_d",461.49977,1
"smartx",332,2023-05-12,"P1M","CH4_slope_umol_m2_d",225.6188903,1
"smartx",332,2023-07-11,"P1M","CH4_slope_umol_m2_d",562.5587661,1
"smartx",332,2023-08-14,"P1M","CH4_slope_umol_m2_d",1059.829965,1
"smartx",333,2016-06-16,"P1M","CH4_slope_umol_m2_d",280.5324072,1
"smartx",333,2016-07-07,"P1M","CH4_slope_umol_m2_d",622.4807274,1
"smartx",333,2016-07-28,"P1M","CH4_slope_umol_m2_d",699.4391054,1
"smartx",333,2016-08-24,"P1M","CH4_slope_umol_m2_d",486.4582521,1
"smartx",333,2016-10-05,"P1M","CH4_slope_umol_m2_d",70.15396692,1
"smartx",333,2016-11-08,"P1M","CH4_slope_umol_m2_d",37.96401026,1
"smartx",333,2016-12-09,"P1M","CH4_slope_umol_m2_d",-8.83331688,1
"smartx",333,2017-04-11,"P1M","CH4_slope_umol_m2_d",-79.28661192,1
"smartx",333,2017-05-17,"P1M","CH4_slope_umol_m2_d",45.4380548,1
"smartx",333,2017-06-06,"P1M","CH4_slope_umol_m2_d",86.57823454,1
"smartx",333,2017-06-29,"P1M","CH4_slope_umol_m2_d",514.9348876,1
"smartx",333,2017-07-26,"P1M","CH4_slope_umol_m2_d",739.8801439,1
"smartx",333,2017-09-29,"P1M","CH4_slope_umol_m2_d",323.7055292,1
"smartx",333,2017-10-20,"P1M","CH4_slope_umol_m2_d",127.922508,1
"smartx",333,2017-11-20,"P1M","CH4_slope_umol_m2_d",48.08929598,1
"smartx",333,2017-12-07,"P1M","CH4_slope_umol_m2_d",-11.47238683,1
"smartx",333,2018-05-03,"P1M","CH4_slope_umol_m2_d",-6.848786159,1
"smartx",333,2018-06-06,"P1M","CH4_slope_umol_m2_d",58.25265376,1
"smartx",333,2018-06-29,"P1M","CH4_slope_umol_m2_d",277.0435298,1
"smartx",333,2018-07-26,"P1M","CH4_slope_umol_m2_d",810.402858,1
"smartx",333,2018-09-19,"P1M","CH4_slope_umol_m2_d",1802.525017,1
"smartx",333,2018-10-18,"P1M","CH4_slope_umol_m2_d",438.4323047,1
"smartx",333,2022-04-04,"P1M","CH4_slope_umol_m2_d",464.0675787,1
"smartx",333,2022-05-03,"P1M","CH4_slope_umol_m2_d",1041.976685,1
"smartx",333,2022-06-01,"P1M","CH4_slope_umol_m2_d",1528.500245,1
"smartx",333,2022-06-28,"P1M","CH4_slope_umol_m2_d",940.5787361,1
"smartx",333,2022-07-25,"P1M","CH4_slope_umol_m2_d",2677.826974,1
"smartx",333,2022-08-22,"P1M","CH4_slope_umol_m2_d",3778.297657,1
"smartx",333,2022-09-15,"P1M","CH4_slope_umol_m2_d",1254.9665,1
"smartx",333,2023-04-17,"P1M","CH4_slope_umol_m2_d",1757.32109,1
"smartx",333,2023-05-12,"P1M","CH4_slope_umol_m2_d",663.4292562,1
"smartx",333,2023-07-11,"P1M","CH4_slope_umol_m2_d",1607.996493,1
"smartx",333,2023-08-14,"P1M","CH4_slope_umol_m2_d",2351.216907,1
"smartx",440,2016-06-14,"P1M","CH4_slope_umol_m2_d",94.13132233,1
"smartx",440,2016-07-08,"P1M","CH4_slope_umol_m2_d",238.7431952,1
"smartx",440,2016-07-28,"P1M","CH4_slope_umol_m2_d",289.6101065,1
"smartx",440,2016-08-24,"P1M","CH4_slope_umol_m2_d",159.4927861,1
"smartx",440,2016-10-06,"P1M","CH4_slope_umol_m2_d",191.0753587,1
"smartx",440,2016-11-08,"P1M","CH4_slope_umol_m2_d",92.74462501,1
"smartx",440,2017-04-13,"P1M","CH4_slope_umol_m2_d",21.23174133,1
"smartx",440,2017-05-18,"P1M","CH4_slope_umol_m2_d",0.091357233,1
"smartx",440,2017-06-08,"P1M","CH4_slope_umol_m2_d",190.4323643,1
"smartx",440,2017-06-30,"P1M","CH4_slope_umol_m2_d",201.4937168,1
"smartx",440,2017-07-26,"P1M","CH4_slope_umol_m2_d",110.6422373,1
"smartx",440,2017-08-25,"P1M","CH4_slope_umol_m2_d",409.6557488,1
"smartx",440,2017-09-28,"P1M","CH4_slope_umol_m2_d",430.3372851,1
"smartx",440,2017-11-15,"P1M","CH4_slope_umol_m2_d",137.6256047,1
"smartx",440,2017-12-08,"P1M","CH4_slope_umol_m2_d",-0.564996549,1
"smartx",440,2018-04-13,"P1M","CH4_slope_umol_m2_d",13.53488282,1
"smartx",440,2018-04-30,"P1M","CH4_slope_umol_m2_d",6.433401625,1
"smartx",440,2018-06-01,"P1M","CH4_slope_umol_m2_d",192.2464629,1
"smartx",440,2018-06-26,"P1M","CH4_slope_umol_m2_d",649.1981296,1
"smartx",440,2018-07-27,"P1M","CH4_slope_umol_m2_d",900.0555344,1
"smartx",440,2018-09-20,"P1M","CH4_slope_umol_m2_d",4158.360904,1
"smartx",440,2018-10-19,"P1M","CH4_slope_umol_m2_d",2290.013363,1
"smartx",440,2018-11-14,"P1M","CH4_slope_umol_m2_d",224.4641126,1
"smartx",440,2022-04-04,"P1M","CH4_slope_umol_m2_d",25.35035797,1
"smartx",440,2022-05-03,"P1M","CH4_slope_umol_m2_d",154.4450635,1
"smartx",440,2022-06-01,"P1M","CH4_slope_umol_m2_d",473.265951,1
"smartx",440,2022-06-28,"P1M","CH4_slope_umol_m2_d",386.4701159,1
"smartx",440,2022-07-25,"P1M","CH4_slope_umol_m2_d",353.1994697,1
"smartx",440,2022-08-22,"P1M","CH4_slope_umol_m2_d",839.3456126,1
"smartx",440,2022-09-15,"P1M","CH4_slope_umol_m2_d",428.8494982,1
"smartx",440,2023-04-17,"P1M","CH4_slope_umol_m2_d",167.3306154,1
"smartx",440,2023-05-12,"P1M","CH4_slope_umol_m2_d",207.6026157,1
"smartx",440,2023-07-11,"P1M","CH4_slope_umol_m2_d",857.7907378,1
"smartx",440,2023-08-14,"P1M","CH4_slope_umol_m2_d",1452.618698,1
"smartx",441,2016-06-14,"P1M","CH4_slope_umol_m2_d",118.6067661,1
"smartx",441,2016-07-08,"P1M","CH4_slope_umol_m2_d",172.2118356,1
"smartx",441,2016-08-24,"P1M","CH4_slope_umol_m2_d",110.3818071,1
"smartx",441,2016-10-06,"P1M","CH4_slope_umol_m2_d",227.5522772,1
"smartx",441,2016-11-08,"P1M","CH4_slope_umol_m2_d",43.47638671,1
"smartx",441,2017-04-13,"P1M","CH4_slope_umol_m2_d",-9.05496834,1
"smartx",441,2017-05-18,"P1M","CH4_slope_umol_m2_d",-23.86807533,1
"smartx",441,2017-06-08,"P1M","CH4_slope_umol_m2_d",133.5144823,1
"smartx",441,2017-06-30,"P1M","CH4_slope_umol_m2_d",167.5163708,1
"smartx",441,2017-07-26,"P1M","CH4_slope_umol_m2_d",-259.7511731,1
"smartx",441,2017-08-25,"P1M","CH4_slope_umol_m2_d",809.6548973,1
"smartx",441,2017-09-28,"P1M","CH4_slope_umol_m2_d",434.0870341,1
"smartx",441,2017-11-15,"P1M","CH4_slope_umol_m2_d",83.82648086,1
"smartx",441,2017-12-08,"P1M","CH4_slope_umol_m2_d",-0.561487869,1
"smartx",441,2018-04-13,"P1M","CH4_slope_umol_m2_d",3.775967182,1
"smartx",441,2018-04-30,"P1M","CH4_slope_umol_m2_d",-12.52507751,1
"smartx",441,2018-06-01,"P1M","CH4_slope_umol_m2_d",-7.889623522,1
"smartx",441,2018-06-26,"P1M","CH4_slope_umol_m2_d",383.5615791,1
"smartx",441,2018-07-27,"P1M","CH4_slope_umol_m2_d",1810.76105,1
"smartx",441,2018-09-20,"P1M","CH4_slope_umol_m2_d",303.9377393,1
"smartx",441,2018-10-19,"P1M","CH4_slope_umol_m2_d",4085.24223,1
"smartx",441,2018-11-14,"P1M","CH4_slope_umol_m2_d",414.0487149,1
"smartx",441,2022-04-04,"P1M","CH4_slope_umol_m2_d",46.91328392,1
"smartx",441,2022-05-03,"P1M","CH4_slope_umol_m2_d",366.0707172,1
"smartx",441,2022-06-01,"P1M","CH4_slope_umol_m2_d",6213.980652,1
"smartx",441,2022-06-28,"P1M","CH4_slope_umol_m2_d",688.8145926,1
"smartx",441,2022-07-25,"P1M","CH4_slope_umol_m2_d",593.8313388,1
"smartx",441,2022-08-22,"P1M","CH4_slope_umol_m2_d",812.3009653,1
"smartx",441,2022-09-15,"P1M","CH4_slope_umol_m2_d",799.9460781,1
"smartx",441,2023-04-17,"P1M","CH4_slope_umol_m2_d",331.7445554,1
"smartx",441,2023-05-12,"P1M","CH4_slope_umol_m2_d",179.7959622,1
"smartx",441,2023-07-11,"P1M","CH4_slope_umol_m2_d",646.7651241,1
"smartx",441,2023-08-14,"P1M","CH4_slope_umol_m2_d",1625.746783,1
"smartx",442,2016-06-14,"P1M","CH4_slope_umol_m2_d",64.79430147,1
"smartx",442,2016-07-08,"P1M","CH4_slope_umol_m2_d",755.8539997,1
"smartx",442,2016-07-28,"P1M","CH4_slope_umol_m2_d",80.12458257,1
"smartx",442,2016-08-24,"P1M","CH4_slope_umol_m2_d",73.38944728,1
"smartx",442,2016-10-06,"P1M","CH4_slope_umol_m2_d",267.1833549,1
"smartx",442,2016-11-07,"P1M","CH4_slope_umol_m2_d",57.36951133,1
"smartx",442,2017-04-13,"P1M","CH4_slope_umol_m2_d",13.77648146,1
"smartx",442,2017-05-18,"P1M","CH4_slope_umol_m2_d",24.49353429,1
"smartx",442,2017-06-08,"P1M","CH4_slope_umol_m2_d",160.5759003,1
"smartx",442,2017-06-30,"P1M","CH4_slope_umol_m2_d",22.11912993,1
"smartx",442,2017-07-26,"P1M","CH4_slope_umol_m2_d",125.5060128,1
"smartx",442,2017-08-25,"P1M","CH4_slope_umol_m2_d",527.0811881,1
"smartx",442,2017-09-28,"P1M","CH4_slope_umol_m2_d",481.7479119,1
"smartx",442,2017-10-18,"P1M","CH4_slope_umol_m2_d",34.01616853,1
"smartx",442,2017-11-15,"P1M","CH4_slope_umol_m2_d",-3.890348351,1
"smartx",442,2017-12-08,"P1M","CH4_slope_umol_m2_d",-14.81352972,1
"smartx",442,2018-04-13,"P1M","CH4_slope_umol_m2_d",6.033057417,1
"smartx",442,2018-04-30,"P1M","CH4_slope_umol_m2_d",3.293503333,1
"smartx",442,2018-06-01,"P1M","CH4_slope_umol_m2_d",109.2557509,1
"smartx",442,2018-06-26,"P1M","CH4_slope_umol_m2_d",537.9627416,1
"smartx",442,2018-07-27,"P1M","CH4_slope_umol_m2_d",895.4677032,1
"smartx",442,2018-09-20,"P1M","CH4_slope_umol_m2_d",899.7225229,1
"smartx",442,2018-10-19,"P1M","CH4_slope_umol_m2_d",5275.001141,1
"smartx",442,2018-11-14,"P1M","CH4_slope_umol_m2_d",301.3797478,1
"smartx",442,2022-04-04,"P1M","CH4_slope_umol_m2_d",113.9905382,1
"smartx",442,2022-05-03,"P1M","CH4_slope_umol_m2_d",322.8874213,1
"smartx",442,2022-06-01,"P1M","CH4_slope_umol_m2_d",1422.217982,1
"smartx",442,2022-06-28,"P1M","CH4_slope_umol_m2_d",643.5263897,1
"smartx",442,2022-08-22,"P1M","CH4_slope_umol_m2_d",1392.426153,1
"smartx",442,2022-09-15,"P1M","CH4_slope_umol_m2_d",1101.992531,1
"smartx",442,2023-04-17,"P1M","CH4_slope_umol_m2_d",317.4883138,1
"smartx",442,2023-05-12,"P1M","CH4_slope_umol_m2_d",222.5117996,1
"smartx",442,2023-07-11,"P1M","CH4_slope_umol_m2_d",1177.971974,1
"smartx",442,2023-08-14,"P1M","CH4_slope_umol_m2_d",2035.29211,1
"smartx",443,2016-06-14,"P1M","CH4_slope_umol_m2_d",197.527488,1
"smartx",443,2016-07-08,"P1M","CH4_slope_umol_m2_d",417.1343042,1
"smartx",443,2016-07-28,"P1M","CH4_slope_umol_m2_d",435.4140457,1
"smartx",443,2016-08-24,"P1M","CH4_slope_umol_m2_d",210.9784213,1
"smartx",443,2016-10-06,"P1M","CH4_slope_umol_m2_d",310.5206832,1
"smartx",443,2016-11-07,"P1M","CH4_slope_umol_m2_d",67.91238425,1
"smartx",443,2017-04-13,"P1M","CH4_slope_umol_m2_d",30.3580254,1
"smartx",443,2017-05-18,"P1M","CH4_slope_umol_m2_d",61.85319027,1
"smartx",443,2017-06-08,"P1M","CH4_slope_umol_m2_d",200.1491517,1
"smartx",443,2017-06-30,"P1M","CH4_slope_umol_m2_d",256.420269,1
"smartx",443,2017-07-26,"P1M","CH4_slope_umol_m2_d",415.9751304,1
"smartx",443,2017-08-25,"P1M","CH4_slope_umol_m2_d",1304.209913,1
"smartx",443,2017-09-28,"P1M","CH4_slope_umol_m2_d",149.9831772,1
"smartx",443,2017-10-18,"P1M","CH4_slope_umol_m2_d",85.58595124,1
"smartx",443,2017-11-15,"P1M","CH4_slope_umol_m2_d",3.926639796,1
"smartx",443,2017-12-08,"P1M","CH4_slope_umol_m2_d",3.014015742,1
"smartx",443,2018-04-13,"P1M","CH4_slope_umol_m2_d",49.56504487,1
"smartx",443,2018-04-30,"P1M","CH4_slope_umol_m2_d",-38.39656547,1
"smartx",443,2018-06-01,"P1M","CH4_slope_umol_m2_d",319.6408781,1
"smartx",443,2018-06-26,"P1M","CH4_slope_umol_m2_d",491.7657558,1
"smartx",443,2018-07-27,"P1M","CH4_slope_umol_m2_d",963.2029711,1
"smartx",443,2018-09-20,"P1M","CH4_slope_umol_m2_d",2017.867724,1
"smartx",443,2018-10-19,"P1M","CH4_slope_umol_m2_d",1406.558463,1
"smartx",443,2018-11-14,"P1M","CH4_slope_umol_m2_d",303.0252026,1
"smartx",443,2022-04-04,"P1M","CH4_slope_umol_m2_d",133.1511622,1
"smartx",443,2022-05-03,"P1M","CH4_slope_umol_m2_d",405.9789624,1
"smartx",443,2022-06-01,"P1M","CH4_slope_umol_m2_d",2713.826036,1
"smartx",443,2022-06-28,"P1M","CH4_slope_umol_m2_d",629.9635703,1
"smartx",443,2022-07-25,"P1M","CH4_slope_umol_m2_d",741.7570008,1
"smartx",443,2022-08-22,"P1M","CH4_slope_umol_m2_d",839.1427958,1
"smartx",443,2022-09-15,"P1M","CH4_slope_umol_m2_d",483.0238224,1
"smartx",443,2023-04-17,"P1M","CH4_slope_umol_m2_d",426.9861569,1
"smartx",443,2023-05-12,"P1M","CH4_slope_umol_m2_d",420.6339745,1
"smartx",443,2023-07-11,"P1M","CH4_slope_umol_m2_d",739.9723557,1
"smartx",443,2023-08-14,"P1M","CH4_slope_umol_m2_d",2675.560325,1
"smartx",450,2016-06-14,"P1M","CH4_slope_umol_m2_d",121.9389331,1
"smartx",450,2016-07-29,"P1M","CH4_slope_umol_m2_d",95.130256735,2
"smartx",450,2016-08-24,"P1M","CH4_slope_umol_m2_d",64.73703862,1
"smartx",450,2016-10-06,"P1M","CH4_slope_umol_m2_d",96.20454492,1
"smartx",450,2016-11-08,"P1M","CH4_slope_umol_m2_d",255.1874501,1
"smartx",450,2017-04-13,"P1M","CH4_slope_umol_m2_d",7.513856347,1
"smartx",450,2017-05-18,"P1M","CH4_slope_umol_m2_d",27.49625421,1
"smartx",450,2017-06-08,"P1M","CH4_slope_umol_m2_d",111.2525976,1
"smartx",450,2017-06-30,"P1M","CH4_slope_umol_m2_d",60.58302151,1
"smartx",450,2017-07-26,"P1M","CH4_slope_umol_m2_d",179.3174902,1
"smartx",450,2017-08-25,"P1M","CH4_slope_umol_m2_d",637.5619669,1
"smartx",450,2017-09-28,"P1M","CH4_slope_umol_m2_d",237.350398,1
"smartx",450,2017-10-18,"P1M","CH4_slope_umol_m2_d",128.1616988,1
"smartx",450,2017-11-15,"P1M","CH4_slope_umol_m2_d",148.8952353,1
"smartx",450,2017-12-08,"P1M","CH4_slope_umol_m2_d",5.055390851,1
"smartx",450,2018-04-13,"P1M","CH4_slope_umol_m2_d",-0.514630572,1
"smartx",450,2018-04-30,"P1M","CH4_slope_umol_m2_d",-2.366120714,1
"smartx",450,2018-06-01,"P1M","CH4_slope_umol_m2_d",685.0243697,1
"smartx",450,2018-06-26,"P1M","CH4_slope_umol_m2_d",1836.494923,1
"smartx",450,2018-07-27,"P1M","CH4_slope_umol_m2_d",2930.082712,1
"smartx",450,2018-09-20,"P1M","CH4_slope_umol_m2_d",949.0502182,1
"smartx",450,2018-10-19,"P1M","CH4_slope_umol_m2_d",8334.877613,1
"smartx",450,2018-11-14,"P1M","CH4_slope_umol_m2_d",237.1289385,1
"smartx",450,2022-04-04,"P1M","CH4_slope_umol_m2_d",26.89490157,1
"smartx",450,2022-05-03,"P1M","CH4_slope_umol_m2_d",38.82487474,1
"smartx",450,2022-06-01,"P1M","CH4_slope_umol_m2_d",505.8558899,1
"smartx",450,2022-06-28,"P1M","CH4_slope_umol_m2_d",317.7165322,1
"smartx",450,2022-07-25,"P1M","CH4_slope_umol_m2_d",257.7514824,1
"smartx",450,2022-08-22,"P1M","CH4_slope_umol_m2_d",502.7120865,1
"smartx",450,2022-09-15,"P1M","CH4_slope_umol_m2_d",400.540128,1
"smartx",450,2023-04-17,"P1M","CH4_slope_umol_m2_d",201.9046696,1
"smartx",450,2023-05-12,"P1M","CH4_slope_umol_m2_d",134.5223986,1
"smartx",450,2023-07-11,"P1M","CH4_slope_umol_m2_d",612.4797191,1
"smartx",450,2023-08-14,"P1M","CH4_slope_umol_m2_d",616.8621446,1
"smartx",451,2016-06-14,"P1M","CH4_slope_umol_m2_d",12.96176864,1
"smartx",451,2016-07-08,"P1M","CH4_slope_umol_m2_d",85.02777683,1
"smartx",451,2016-07-29,"P1M","CH4_slope_umol_m2_d",103.20836685,2
"smartx",451,2016-08-24,"P1M","CH4_slope_umol_m2_d",406.6699566,1
"smartx",451,2016-10-06,"P1M","CH4_slope_umol_m2_d",202.4842358,1
"smartx",451,2016-11-08,"P1M","CH4_slope_umol_m2_d",111.8237167,1
"smartx",451,2017-04-13,"P1M","CH4_slope_umol_m2_d",6.113704767,1
"smartx",451,2017-05-18,"P1M","CH4_slope_umol_m2_d",37.92241784,1
"smartx",451,2017-06-08,"P1M","CH4_slope_umol_m2_d",88.99375097,1
"smartx",451,2017-06-30,"P1M","CH4_slope_umol_m2_d",36.70961044,1
"smartx",451,2017-07-26,"P1M","CH4_slope_umol_m2_d",77.1113712,1
"smartx",451,2017-08-25,"P1M","CH4_slope_umol_m2_d",962.1915571,1
"smartx",451,2017-09-28,"P1M","CH4_slope_umol_m2_d",1239.885238,1
"smartx",451,2017-10-18,"P1M","CH4_slope_umol_m2_d",19.43109318,1
"smartx",451,2017-11-15,"P1M","CH4_slope_umol_m2_d",298.3307013,1
"smartx",451,2017-12-08,"P1M","CH4_slope_umol_m2_d",11.31436271,1
"smartx",451,2018-04-13,"P1M","CH4_slope_umol_m2_d",-2.75419502,1
"smartx",451,2018-04-30,"P1M","CH4_slope_umol_m2_d",22.03930354,1
"smartx",451,2018-06-01,"P1M","CH4_slope_umol_m2_d",133.6518732,1
"smartx",451,2018-06-26,"P1M","CH4_slope_umol_m2_d",1481.048249,1
"smartx",451,2018-07-27,"P1M","CH4_slope_umol_m2_d",1427.457242,1
"smartx",451,2018-09-20,"P1M","CH4_slope_umol_m2_d",1091.54731,1
"smartx",451,2018-11-14,"P1M","CH4_slope_umol_m2_d",167.7974506,1
"smartx",451,2022-04-04,"P1M","CH4_slope_umol_m2_d",9.706078335,1
"smartx",451,2022-05-03,"P1M","CH4_slope_umol_m2_d",208.4816218,1
"smartx",451,2022-06-01,"P1M","CH4_slope_umol_m2_d",509.9210279,1
"smartx",451,2022-06-28,"P1M","CH4_slope_umol_m2_d",389.7195852,1
"smartx",451,2022-07-25,"P1M","CH4_slope_umol_m2_d",340.0071851,1
"smartx",451,2022-08-22,"P1M","CH4_slope_umol_m2_d",549.1464041,1
"smartx",451,2022-09-15,"P1M","CH4_slope_umol_m2_d",340.1277376,1
"smartx",451,2023-04-17,"P1M","CH4_slope_umol_m2_d",152.8467396,1
"smartx",451,2023-05-12,"P1M","CH4_slope_umol_m2_d",137.0243453,1
"smartx",451,2023-07-11,"P1M","CH4_slope_umol_m2_d",755.6879575,1
"smartx",451,2023-08-14,"P1M","CH4_slope_umol_m2_d",1706.601982,1
"smartx",452,2016-06-14,"P1M","CH4_slope_umol_m2_d",19.02215645,1
"smartx",452,2016-07-08,"P1M","CH4_slope_umol_m2_d",40.96546974,1
"smartx",452,2016-07-29,"P1M","CH4_slope_umol_m2_d",59.89210649,2
"smartx",452,2016-08-24,"P1M","CH4_slope_umol_m2_d",8.474111984,1
"smartx",452,2017-04-13,"P1M","CH4_slope_umol_m2_d",-19.7043346,1
"smartx",452,2017-05-18,"P1M","CH4_slope_umol_m2_d",13.46527797,1
"smartx",452,2017-06-08,"P1M","CH4_slope_umol_m2_d",-44.77614185,1
"smartx",452,2017-06-30,"P1M","CH4_slope_umol_m2_d",29.99084823,1
"smartx",452,2017-07-26,"P1M","CH4_slope_umol_m2_d",58.28687237,1
"smartx",452,2017-09-28,"P1M","CH4_slope_umol_m2_d",360.0734648,1
"smartx",452,2017-10-18,"P1M","CH4_slope_umol_m2_d",81.59654443,1
"smartx",452,2017-11-15,"P1M","CH4_slope_umol_m2_d",56.96436673,1
"smartx",452,2017-12-08,"P1M","CH4_slope_umol_m2_d",18.27406082,1
"smartx",452,2018-04-13,"P1M","CH4_slope_umol_m2_d",0.9014486,1
"smartx",452,2018-04-30,"P1M","CH4_slope_umol_m2_d",0.074079852,1
"smartx",452,2018-06-01,"P1M","CH4_slope_umol_m2_d",57.58823913,1
"smartx",452,2018-06-26,"P1M","CH4_slope_umol_m2_d",3550.54643,1
"smartx",452,2018-07-27,"P1M","CH4_slope_umol_m2_d",1964.753145,1
"smartx",452,2018-09-20,"P1M","CH4_slope_umol_m2_d",-2246.718485,1
"smartx",452,2018-11-14,"P1M","CH4_slope_umol_m2_d",28.93532921,1
"smartx",452,2022-04-04,"P1M","CH4_slope_umol_m2_d",87.31047325,1
"smartx",452,2022-05-03,"P1M","CH4_slope_umol_m2_d",121.6816356,1
"smartx",452,2022-06-01,"P1M","CH4_slope_umol_m2_d",316.3043509,1
"smartx",452,2022-06-28,"P1M","CH4_slope_umol_m2_d",207.7626928,1
"smartx",452,2022-07-25,"P1M","CH4_slope_umol_m2_d",168.7220734,1
"smartx",452,2022-08-22,"P1M","CH4_slope_umol_m2_d",172.4207868,1
"smartx",452,2022-09-15,"P1M","CH4_slope_umol_m2_d",4.964509783,1
"smartx",452,2023-04-17,"P1M","CH4_slope_umol_m2_d",71.35463593,1
"smartx",452,2023-05-12,"P1M","CH4_slope_umol_m2_d",54.98139778,1
"smartx",452,2023-07-11,"P1M","CH4_slope_umol_m2_d",320.1878413,1
"smartx",452,2023-08-14,"P1M","CH4_slope_umol_m2_d",654.9165168,1
"smartx",453,2016-06-14,"P1M","CH4_slope_umol_m2_d",21.52765155,1
"smartx",453,2016-07-08,"P1M","CH4_slope_umol_m2_d",77.04080259,1
"smartx",453,2016-07-29,"P1M","CH4_slope_umol_m2_d",37.792054505,2
"smartx",453,2016-08-25,"P1M","CH4_slope_umol_m2_d",20.02399971,1
"smartx",453,2016-10-06,"P1M","CH4_slope_umol_m2_d",586.5178929,1
"smartx",453,2016-11-07,"P1M","CH4_slope_umol_m2_d",627.7231457,1
"smartx",453,2017-04-13,"P1M","CH4_slope_umol_m2_d",3.880031881,1
"smartx",453,2017-05-18,"P1M","CH4_slope_umol_m2_d",32.27481042,1
"smartx",453,2017-06-08,"P1M","CH4_slope_umol_m2_d",91.9021563,1
"smartx",453,2017-06-30,"P1M","CH4_slope_umol_m2_d",38.97741211,1
"smartx",453,2017-07-26,"P1M","CH4_slope_umol_m2_d",123.3644776,1
"smartx",453,2017-08-25,"P1M","CH4_slope_umol_m2_d",6341.476974,1
"smartx",453,2017-09-28,"P1M","CH4_slope_umol_m2_d",1013.350537,1
"smartx",453,2017-10-18,"P1M","CH4_slope_umol_m2_d",542.0482874,1
"smartx",453,2017-11-15,"P1M","CH4_slope_umol_m2_d",193.6561359,1
"smartx",453,2017-12-08,"P1M","CH4_slope_umol_m2_d",13.4581142,1
"smartx",453,2018-04-13,"P1M","CH4_slope_umol_m2_d",9.260356152,1
"smartx",453,2018-04-30,"P1M","CH4_slope_umol_m2_d",14.15101681,1
"smartx",453,2018-06-01,"P1M","CH4_slope_umol_m2_d",171.7894329,1
"smartx",453,2018-06-26,"P1M","CH4_slope_umol_m2_d",3218.595454,1
"smartx",453,2018-07-27,"P1M","CH4_slope_umol_m2_d",1981.61748,1
"smartx",453,2018-09-20,"P1M","CH4_slope_umol_m2_d",3390.876953,1
"smartx",453,2018-10-19,"P1M","CH4_slope_umol_m2_d",4917.690558,1
"smartx",453,2018-11-14,"P1M","CH4_slope_umol_m2_d",905.2543299,1
"smartx",453,2022-04-04,"P1M","CH4_slope_umol_m2_d",121.7544139,1
"smartx",453,2022-05-03,"P1M","CH4_slope_umol_m2_d",368.9742132,1
"smartx",453,2022-06-01,"P1M","CH4_slope_umol_m2_d",1603.847212,1
"smartx",453,2022-06-28,"P1M","CH4_slope_umol_m2_d",709.225747,1
"smartx",453,2022-07-25,"P1M","CH4_slope_umol_m2_d",555.5660204,1
"smartx",453,2022-08-22,"P1M","CH4_slope_umol_m2_d",807.5631195,1
"smartx",453,2022-09-15,"P1M","CH4_slope_umol_m2_d",930.4217854,1
"smartx",453,2023-04-17,"P1M","CH4_slope_umol_m2_d",295.3222348,1
"smartx",453,2023-05-12,"P1M","CH4_slope_umol_m2_d",322.6228427,1
"smartx",453,2023-07-11,"P1M","CH4_slope_umol_m2_d",1112.942012,1
"smartx",453,2023-08-14,"P1M","CH4_slope_umol_m2_d",1928.031647,1
"smartx",460,2016-06-14,"P1M","CH4_slope_umol_m2_d",61.53447757,1
"smartx",460,2016-07-08,"P1M","CH4_slope_umol_m2_d",30.4969178,1
"smartx",460,2016-07-29,"P1M","CH4_slope_umol_m2_d",45.2167811,1
"smartx",460,2016-08-25,"P1M","CH4_slope_umol_m2_d",50.36880913,1
"smartx",460,2016-10-06,"P1M","CH4_slope_umol_m2_d",82.82679903,1
"smartx",460,2017-04-13,"P1M","CH4_slope_umol_m2_d",-1.855439354,1
"smartx",460,2017-05-18,"P1M","CH4_slope_umol_m2_d",13.84168496,1
"smartx",460,2017-06-08,"P1M","CH4_slope_umol_m2_d",50.49475819,1
"smartx",460,2017-06-30,"P1M","CH4_slope_umol_m2_d",45.15264199,1
"smartx",460,2017-07-26,"P1M","CH4_slope_umol_m2_d",111.6432533,1
"smartx",460,2017-08-25,"P1M","CH4_slope_umol_m2_d",667.7878689,1
"smartx",460,2017-09-28,"P1M","CH4_slope_umol_m2_d",954.9819088,1
"smartx",460,2017-10-18,"P1M","CH4_slope_umol_m2_d",24.89724343,1
"smartx",460,2017-11-15,"P1M","CH4_slope_umol_m2_d",104.9128586,1
"smartx",460,2017-12-08,"P1M","CH4_slope_umol_m2_d",33.09254535,1
"smartx",460,2018-04-13,"P1M","CH4_slope_umol_m2_d",-16.15695595,1
"smartx",460,2018-04-30,"P1M","CH4_slope_umol_m2_d",-3.57013812,1
"smartx",460,2018-06-01,"P1M","CH4_slope_umol_m2_d",124.4587352,1
"smartx",460,2018-06-26,"P1M","CH4_slope_umol_m2_d",294.097937,1
"smartx",460,2018-07-27,"P1M","CH4_slope_umol_m2_d",1401.048625,1
"smartx",460,2018-09-20,"P1M","CH4_slope_umol_m2_d",1069.212992,1
"smartx",460,2018-10-19,"P1M","CH4_slope_umol_m2_d",2579.659249,1
"smartx",460,2022-04-04,"P1M","CH4_slope_umol_m2_d",0.907415022,1
"smartx",460,2022-05-03,"P1M","CH4_slope_umol_m2_d",30.94996939,1
"smartx",460,2022-06-01,"P1M","CH4_slope_umol_m2_d",326.2014783,1
"smartx",460,2022-06-28,"P1M","CH4_slope_umol_m2_d",208.8096408,1
"smartx",460,2022-07-25,"P1M","CH4_slope_umol_m2_d",123.1991581,1
"smartx",460,2022-08-22,"P1M","CH4_slope_umol_m2_d",116.5682616,1
"smartx",460,2022-09-15,"P1M","CH4_slope_umol_m2_d",104.7171862,1
"smartx",460,2023-04-17,"P1M","CH4_slope_umol_m2_d",65.09533222,1
"smartx",460,2023-05-12,"P1M","CH4_slope_umol_m2_d",59.14408294,1
"smartx",460,2023-07-11,"P1M","CH4_slope_umol_m2_d",426.7420016,1
"smartx",460,2023-08-14,"P1M","CH4_slope_umol_m2_d",373.3412878,1
"smartx",461,2016-06-14,"P1M","CH4_slope_umol_m2_d",36.94197298,1
"smartx",461,2016-07-08,"P1M","CH4_slope_umol_m2_d",63.00518476,1
"smartx",461,2016-07-29,"P1M","CH4_slope_umol_m2_d",42.8539595,1
"smartx",461,2016-08-25,"P1M","CH4_slope_umol_m2_d",0.821644206,1
"smartx",461,2016-10-06,"P1M","CH4_slope_umol_m2_d",26.1463529,1
"smartx",461,2016-11-08,"P1M","CH4_slope_umol_m2_d",204.0256305,1
"smartx",461,2017-04-13,"P1M","CH4_slope_umol_m2_d",8.435496483,1
"smartx",461,2017-05-18,"P1M","CH4_slope_umol_m2_d",3.04599756,1
"smartx",461,2017-06-08,"P1M","CH4_slope_umol_m2_d",55.35956271,1
"smartx",461,2017-06-30,"P1M","CH4_slope_umol_m2_d",-3.208546568,1
"smartx",461,2017-08-25,"P1M","CH4_slope_umol_m2_d",514.0135183,1
"smartx",461,2017-09-28,"P1M","CH4_slope_umol_m2_d",1236.881391,1
"smartx",461,2017-10-18,"P1M","CH4_slope_umol_m2_d",138.5946995,1
"smartx",461,2017-11-15,"P1M","CH4_slope_umol_m2_d",188.3418529,1
"smartx",461,2017-12-08,"P1M","CH4_slope_umol_m2_d",-45.68328092,1
"smartx",461,2018-04-13,"P1M","CH4_slope_umol_m2_d",-1.263418209,1
"smartx",461,2018-04-30,"P1M","CH4_slope_umol_m2_d",-10.5504799,1
"smartx",461,2018-06-01,"P1M","CH4_slope_umol_m2_d",60.12292163,1
"smartx",461,2018-06-26,"P1M","CH4_slope_umol_m2_d",555.9970201,1
"smartx",461,2018-07-27,"P1M","CH4_slope_umol_m2_d",2646.686298,1
"smartx",461,2018-09-20,"P1M","CH4_slope_umol_m2_d",595.4467853,1
"smartx",461,2018-10-19,"P1M","CH4_slope_umol_m2_d",590.7591787,1
"smartx",461,2022-04-04,"P1M","CH4_slope_umol_m2_d",-3.784015501,1
"smartx",461,2022-05-03,"P1M","CH4_slope_umol_m2_d",5.108205916,1
"smartx",461,2022-06-01,"P1M","CH4_slope_umol_m2_d",82.37217379,1
"smartx",461,2022-06-28,"P1M","CH4_slope_umol_m2_d",80.33487547,1
"smartx",461,2022-07-25,"P1M","CH4_slope_umol_m2_d",71.54455762,1
"smartx",461,2022-08-22,"P1M","CH4_slope_umol_m2_d",32.4028816,1
"smartx",461,2022-09-15,"P1M","CH4_slope_umol_m2_d",49.57517326,1
"smartx",461,2023-04-17,"P1M","CH4_slope_umol_m2_d",23.54416245,1
"smartx",461,2023-05-12,"P1M","CH4_slope_umol_m2_d",26.38989285,1
"smartx",461,2023-07-11,"P1M","CH4_slope_umol_m2_d",140.8438399,1
"smartx",461,2023-08-14,"P1M","CH4_slope_umol_m2_d",1678.617657,1
"smartx",462,2016-06-14,"P1M","CH4_slope_umol_m2_d",45.59514478,1
"smartx",462,2016-07-08,"P1M","CH4_slope_umol_m2_d",75.67929713,1
"smartx",462,2016-07-29,"P1M","CH4_slope_umol_m2_d",37.81887265,1
"smartx",462,2016-08-25,"P1M","CH4_slope_umol_m2_d",11.21443385,1
"smartx",462,2016-10-06,"P1M","CH4_slope_umol_m2_d",28.25457339,1
"smartx",462,2016-11-08,"P1M","CH4_slope_umol_m2_d",460.5157217,1
"smartx",462,2017-04-13,"P1M","CH4_slope_umol_m2_d",27.31756662,1
"smartx",462,2017-05-18,"P1M","CH4_slope_umol_m2_d",15.7803443,1
"smartx",462,2017-06-08,"P1M","CH4_slope_umol_m2_d",45.87101637,1
"smartx",462,2017-06-30,"P1M","CH4_slope_umol_m2_d",14.84457495,1
"smartx",462,2017-08-25,"P1M","CH4_slope_umol_m2_d",1593.961057,1
"smartx",462,2017-09-28,"P1M","CH4_slope_umol_m2_d",1008.501503,1
"smartx",462,2017-10-18,"P1M","CH4_slope_umol_m2_d",138.3703286,1
"smartx",462,2017-11-15,"P1M","CH4_slope_umol_m2_d",223.9618084,1
"smartx",462,2017-12-08,"P1M","CH4_slope_umol_m2_d",40.70229082,1
"smartx",462,2018-04-13,"P1M","CH4_slope_umol_m2_d",-14.2794119,1
"smartx",462,2018-04-30,"P1M","CH4_slope_umol_m2_d",8.780769321,1
"smartx",462,2018-06-01,"P1M","CH4_slope_umol_m2_d",48.53858495,1
"smartx",462,2018-06-26,"P1M","CH4_slope_umol_m2_d",578.1692083,1
"smartx",462,2018-07-27,"P1M","CH4_slope_umol_m2_d",503.0932396,1
"smartx",462,2018-09-20,"P1M","CH4_slope_umol_m2_d",4034.173159,1
"smartx",462,2018-11-14,"P1M","CH4_slope_umol_m2_d",42.75291391,1
"smartx",462,2022-04-04,"P1M","CH4_slope_umol_m2_d",18.73411501,1
"smartx",462,2022-05-03,"P1M","CH4_slope_umol_m2_d",39.04439323,1
"smartx",462,2022-06-01,"P1M","CH4_slope_umol_m2_d",332.751502,1
"smartx",462,2022-06-28,"P1M","CH4_slope_umol_m2_d",109.3310595,1
"smartx",462,2022-07-25,"P1M","CH4_slope_umol_m2_d",192.9796247,1
"smartx",462,2022-08-22,"P1M","CH4_slope_umol_m2_d",165.2899517,1
"smartx",462,2022-09-15,"P1M","CH4_slope_umol_m2_d",130.1308157,1
"smartx",462,2023-04-17,"P1M","CH4_slope_umol_m2_d",270.2915983,1
"smartx",462,2023-05-12,"P1M","CH4_slope_umol_m2_d",208.3978211,1
"smartx",462,2023-07-11,"P1M","CH4_slope_umol_m2_d",545.4311578,1
"smartx",462,2023-08-14,"P1M","CH4_slope_umol_m2_d",1750.694385,1
"smartx",463,2016-06-14,"P1M","CH4_slope_umol_m2_d",121.2958179,1
"smartx",463,2016-07-08,"P1M","CH4_slope_umol_m2_d",199.9887852,1
"smartx",463,2016-07-29,"P1M","CH4_slope_umol_m2_d",72.79280405,1
"smartx",463,2016-08-25,"P1M","CH4_slope_umol_m2_d",77.18151015,1
"smartx",463,2016-10-06,"P1M","CH4_slope_umol_m2_d",46.9514157,1
"smartx",463,2016-11-08,"P1M","CH4_slope_umol_m2_d",31.39505302,1
"smartx",463,2017-04-13,"P1M","CH4_slope_umol_m2_d",21.34197537,1
"smartx",463,2017-05-18,"P1M","CH4_slope_umol_m2_d",3.209643862,1
"smartx",463,2017-06-08,"P1M","CH4_slope_umol_m2_d",95.15177674,1
"smartx",463,2017-06-30,"P1M","CH4_slope_umol_m2_d",33.51806763,1
"smartx",463,2017-08-25,"P1M","CH4_slope_umol_m2_d",2172.245872,1
"smartx",463,2017-09-28,"P1M","CH4_slope_umol_m2_d",312.6326788,1
"smartx",463,2017-10-18,"P1M","CH4_slope_umol_m2_d",64.44114175,1
"smartx",463,2017-11-15,"P1M","CH4_slope_umol_m2_d",283.1502648,1
"smartx",463,2017-12-08,"P1M","CH4_slope_umol_m2_d",-11.75756629,1
"smartx",463,2018-04-13,"P1M","CH4_slope_umol_m2_d",5.284291237,1
"smartx",463,2018-04-30,"P1M","CH4_slope_umol_m2_d",13.43756694,1
"smartx",463,2018-06-01,"P1M","CH4_slope_umol_m2_d",116.6840951,1
"smartx",463,2018-06-26,"P1M","CH4_slope_umol_m2_d",2066.156041,1
"smartx",463,2018-07-27,"P1M","CH4_slope_umol_m2_d",648.7118748,1
"smartx",463,2018-09-20,"P1M","CH4_slope_umol_m2_d",4432.241783,1
"smartx",463,2018-10-19,"P1M","CH4_slope_umol_m2_d",1483.09874,1
"smartx",463,2018-11-14,"P1M","CH4_slope_umol_m2_d",424.8615547,1
"smartx",463,2022-04-04,"P1M","CH4_slope_umol_m2_d",126.5778389,1
"smartx",463,2022-05-03,"P1M","CH4_slope_umol_m2_d",269.0123612,1
"smartx",463,2022-06-01,"P1M","CH4_slope_umol_m2_d",1256.104717,1
"smartx",463,2022-06-28,"P1M","CH4_slope_umol_m2_d",685.7840807,1
"smartx",463,2022-07-25,"P1M","CH4_slope_umol_m2_d",678.1498105,1
"smartx",463,2022-08-22,"P1M","CH4_slope_umol_m2_d",1034.035955,1
"smartx",463,2022-09-15,"P1M","CH4_slope_umol_m2_d",1146.709524,1
"smartx",463,2023-04-17,"P1M","CH4_slope_umol_m2_d",1039.347764,1
"smartx",463,2023-05-12,"P1M","CH4_slope_umol_m2_d",917.8593128,1
"smartx",463,2023-07-11,"P1M","CH4_slope_umol_m2_d",1746.869886,1
"smartx",463,2023-08-14,"P1M","CH4_slope_umol_m2_d",3452.919527,1
"smartx",610,2016-06-10,"P1M","CH4_slope_umol_m2_d",238.0642139,1
"smartx",610,2016-07-07,"P1M","CH4_slope_umol_m2_d",295.0273835,1
"smartx",610,2016-08-23,"P1M","CH4_slope_umol_m2_d",230.7651537,1
"smartx",610,2016-10-04,"P1M","CH4_slope_umol_m2_d",153.9034063,1
"smartx",610,2016-11-07,"P1M","CH4_slope_umol_m2_d",29.43554195,1
"smartx",610,2016-12-09,"P1M","CH4_slope_umol_m2_d",14.82317758,1
"smartx",610,2017-04-11,"P1M","CH4_slope_umol_m2_d",7.370634235,1
"smartx",610,2017-05-17,"P1M","CH4_slope_umol_m2_d",26.27057263,1
"smartx",610,2017-06-06,"P1M","CH4_slope_umol_m2_d",137.3659756,1
"smartx",610,2017-06-29,"P1M","CH4_slope_umol_m2_d",455.6369395,1
"smartx",610,2017-07-25,"P1M","CH4_slope_umol_m2_d",258.8688092,1
"smartx",610,2017-08-24,"P1M","CH4_slope_umol_m2_d",116.4318366,1
"smartx",610,2017-09-29,"P1M","CH4_slope_umol_m2_d",282.2737462,1
"smartx",610,2017-10-20,"P1M","CH4_slope_umol_m2_d",134.0240675,1
"smartx",610,2017-11-20,"P1M","CH4_slope_umol_m2_d",49.49653859,1
"smartx",610,2017-12-07,"P1M","CH4_slope_umol_m2_d",93.80784803,1
"smartx",610,2018-05-03,"P1M","CH4_slope_umol_m2_d",12.19749633,1
"smartx",610,2018-06-06,"P1M","CH4_slope_umol_m2_d",99.56896328,1
"smartx",610,2018-07-26,"P1M","CH4_slope_umol_m2_d",90.5292166,1
"smartx",610,2018-09-19,"P1M","CH4_slope_umol_m2_d",-666.1779186,1
"smartx",610,2018-10-18,"P1M","CH4_slope_umol_m2_d",1116.800334,1
"smartx",610,2018-11-16,"P1M","CH4_slope_umol_m2_d",62.85083985,1
"smartx",610,2022-04-04,"P1M","CH4_slope_umol_m2_d",14.45281617,1
"smartx",610,2022-05-03,"P1M","CH4_slope_umol_m2_d",69.05470996,1
"smartx",610,2022-06-01,"P1M","CH4_slope_umol_m2_d",170.1507253,1
"smartx",610,2022-06-28,"P1M","CH4_slope_umol_m2_d",148.5223297,1
"smartx",610,2022-07-25,"P1M","CH4_slope_umol_m2_d",391.4308158,1
"smartx",610,2022-08-22,"P1M","CH4_slope_umol_m2_d",377.3628868,1
"smartx",610,2022-09-15,"P1M","CH4_slope_umol_m2_d",204.5194378,1
"smartx",610,2023-04-17,"P1M","CH4_slope_umol_m2_d",43.04734266,1
"smartx",610,2023-05-12,"P1M","CH4_slope_umol_m2_d",58.7873116,1
"smartx",610,2023-07-11,"P1M","CH4_slope_umol_m2_d",189.5765676,1
"smartx",610,2023-08-14,"P1M","CH4_slope_umol_m2_d",336.2391287,1
"smartx",613,2016-06-10,"P1M","CH4_slope_umol_m2_d",320.1421021,1
"smartx",613,2016-07-06,"P1M","CH4_slope_umol_m2_d",428.1351593,1
"smartx",613,2016-07-27,"P1M","CH4_slope_umol_m2_d",627.170624,1
"smartx",613,2016-08-23,"P1M","CH4_slope_umol_m2_d",186.3777362,1
"smartx",613,2016-10-05,"P1M","CH4_slope_umol_m2_d",379.2508274,1
"smartx",613,2016-11-07,"P1M","CH4_slope_umol_m2_d",61.85319405,1
"smartx",613,2016-12-09,"P1M","CH4_slope_umol_m2_d",18.73218769,1
"smartx",613,2017-04-11,"P1M","CH4_slope_umol_m2_d",39.51099033,1
"smartx",613,2017-05-17,"P1M","CH4_slope_umol_m2_d",33.64184648,1
"smartx",613,2017-06-06,"P1M","CH4_slope_umol_m2_d",136.2386028,1
"smartx",613,2017-06-29,"P1M","CH4_slope_umol_m2_d",989.8048347,1
"smartx",613,2017-07-25,"P1M","CH4_slope_umol_m2_d",245.232003,1
"smartx",613,2017-08-24,"P1M","CH4_slope_umol_m2_d",311.0426152,1
"smartx",613,2017-09-29,"P1M","CH4_slope_umol_m2_d",137.8984083,1
"smartx",613,2017-10-20,"P1M","CH4_slope_umol_m2_d",124.3326646,1
"smartx",613,2017-11-20,"P1M","CH4_slope_umol_m2_d",15.70249044,1
"smartx",613,2017-12-07,"P1M","CH4_slope_umol_m2_d",-28.41533322,1
"smartx",613,2018-05-03,"P1M","CH4_slope_umol_m2_d",44.55869142,1
"smartx",613,2018-07-26,"P1M","CH4_slope_umol_m2_d",380.963465,1
"smartx",613,2018-09-19,"P1M","CH4_slope_umol_m2_d",213.604452,1
"smartx",613,2018-10-18,"P1M","CH4_slope_umol_m2_d",543.7794198,1
"smartx",613,2018-11-16,"P1M","CH4_slope_umol_m2_d",53.36667929,1
"smartx",613,2022-04-04,"P1M","CH4_slope_umol_m2_d",255.5698663,1
"smartx",613,2022-05-03,"P1M","CH4_slope_umol_m2_d",988.8409891,1
"smartx",613,2022-06-01,"P1M","CH4_slope_umol_m2_d",1071.213879,1
"smartx",613,2022-06-28,"P1M","CH4_slope_umol_m2_d",574.0680461,1
"smartx",613,2022-07-25,"P1M","CH4_slope_umol_m2_d",6652.946852,1
"smartx",613,2022-08-22,"P1M","CH4_slope_umol_m2_d",5887.06739,1
"smartx",613,2022-09-15,"P1M","CH4_slope_umol_m2_d",1176.01875,1
"smartx",613,2023-04-17,"P1M","CH4_slope_umol_m2_d",2416.195861,1
"smartx",613,2023-05-12,"P1M","CH4_slope_umol_m2_d",799.7791298,1
"smartx",613,2023-07-11,"P1M","CH4_slope_umol_m2_d",1154.005883,1
"smartx",613,2023-08-14,"P1M","CH4_slope_umol_m2_d",2298.947568,1
"smartx",620,2016-06-13,"P1M","CH4_slope_umol_m2_d",500.5626885,1
"smartx",620,2016-07-07,"P1M","CH4_slope_umol_m2_d",321.1200029,1
"smartx",620,2016-08-23,"P1M","CH4_slope_umol_m2_d",130.1407978,1
"smartx",620,2016-10-05,"P1M","CH4_slope_umol_m2_d",122.4291327,1
"smartx",620,2016-11-07,"P1M","CH4_slope_umol_m2_d",11.61178879,1
"smartx",620,2016-12-09,"P1M","CH4_slope_umol_m2_d",-7.224084225,1
"smartx",620,2017-04-11,"P1M","CH4_slope_umol_m2_d",-10.2592289,1
"smartx",620,2017-05-17,"P1M","CH4_slope_umol_m2_d",-10.44618162,1
"smartx",620,2017-06-06,"P1M","CH4_slope_umol_m2_d",44.75470083,1
"smartx",620,2017-06-29,"P1M","CH4_slope_umol_m2_d",304.0399397,1
"smartx",620,2017-07-25,"P1M","CH4_slope_umol_m2_d",164.9737735,1
"smartx",620,2017-08-24,"P1M","CH4_slope_umol_m2_d",412.0773836,1
"smartx",620,2017-09-29,"P1M","CH4_slope_umol_m2_d",36.29250101,1
"smartx",620,2017-10-20,"P1M","CH4_slope_umol_m2_d",115.1611872,1
"smartx",620,2017-11-20,"P1M","CH4_slope_umol_m2_d",174.4947098,1
"smartx",620,2017-12-07,"P1M","CH4_slope_umol_m2_d",-9.774884389,1
"smartx",620,2018-05-03,"P1M","CH4_slope_umol_m2_d",4.852584468,1
"smartx",620,2018-06-06,"P1M","CH4_slope_umol_m2_d",71.06930967,1
"smartx",620,2018-07-26,"P1M","CH4_slope_umol_m2_d",374.7581746,1
"smartx",620,2018-09-19,"P1M","CH4_slope_umol_m2_d",421.7709386,1
"smartx",620,2018-10-18,"P1M","CH4_slope_umol_m2_d",921.6232179,1
"smartx",620,2018-11-20,"P1M","CH4_slope_umol_m2_d",677.7763684,1
"smartx",620,2022-04-04,"P1M","CH4_slope_umol_m2_d",8.716633687,1
"smartx",620,2022-05-03,"P1M","CH4_slope_umol_m2_d",53.35291504,1
"smartx",620,2022-06-01,"P1M","CH4_slope_umol_m2_d",96.21549477,1
"smartx",620,2022-06-28,"P1M","CH4_slope_umol_m2_d",192.2363492,1
"smartx",620,2022-07-25,"P1M","CH4_slope_umol_m2_d",244.2057081,1
"smartx",620,2022-08-22,"P1M","CH4_slope_umol_m2_d",699.0582548,1
"smartx",620,2022-09-15,"P1M","CH4_slope_umol_m2_d",211.537774,1
"smartx",620,2023-04-17,"P1M","CH4_slope_umol_m2_d",65.21847466,1
"smartx",620,2023-05-12,"P1M","CH4_slope_umol_m2_d",30.45601495,1
"smartx",620,2023-07-11,"P1M","CH4_slope_umol_m2_d",289.5648854,1
"smartx",620,2023-08-14,"P1M","CH4_slope_umol_m2_d",195.9746219,1
"smartx",623,2016-06-13,"P1M","CH4_slope_umol_m2_d",272.3067575,1
"smartx",623,2016-07-07,"P1M","CH4_slope_umol_m2_d",473.4876845,1
"smartx",623,2016-07-27,"P1M","CH4_slope_umol_m2_d",557.6398755,1
"smartx",623,2016-08-23,"P1M","CH4_slope_umol_m2_d",270.4387723,1
"smartx",623,2016-10-05,"P1M","CH4_slope_umol_m2_d",398.7191079,1
"smartx",623,2016-11-07,"P1M","CH4_slope_umol_m2_d",92.0576331,1
"smartx",623,2016-12-09,"P1M","CH4_slope_umol_m2_d",24.94147377,1
"smartx",623,2017-04-11,"P1M","CH4_slope_umol_m2_d",160.0904659,1
"smartx",623,2017-05-17,"P1M","CH4_slope_umol_m2_d",103.2568925,1
"smartx",623,2017-06-06,"P1M","CH4_slope_umol_m2_d",257.1528467,1
"smartx",623,2017-06-29,"P1M","CH4_slope_umol_m2_d",455.1798858,1
"smartx",623,2017-07-25,"P1M","CH4_slope_umol_m2_d",172.4894928,1
"smartx",623,2017-08-24,"P1M","CH4_slope_umol_m2_d",134.1787279,1
"smartx",623,2017-09-29,"P1M","CH4_slope_umol_m2_d",126.815046,1
"smartx",623,2017-10-20,"P1M","CH4_slope_umol_m2_d",98.31116983,1
"smartx",623,2017-11-20,"P1M","CH4_slope_umol_m2_d",11.77800742,1
"smartx",623,2017-12-07,"P1M","CH4_slope_umol_m2_d",12.47715953,1
"smartx",623,2018-05-03,"P1M","CH4_slope_umol_m2_d",8.407219125,1
"smartx",623,2018-06-06,"P1M","CH4_slope_umol_m2_d",108.0269774,1
"smartx",623,2018-07-26,"P1M","CH4_slope_umol_m2_d",475.7011877,1
"smartx",623,2018-09-19,"P1M","CH4_slope_umol_m2_d",2116.472348,1
"smartx",623,2018-10-18,"P1M","CH4_slope_umol_m2_d",1229.331861,1
"smartx",623,2018-11-16,"P1M","CH4_slope_umol_m2_d",740.4463678,1
"smartx",623,2022-04-04,"P1M","CH4_slope_umol_m2_d",98.15492775,1
"smartx",623,2022-05-03,"P1M","CH4_slope_umol_m2_d",499.7283478,1
"smartx",623,2022-06-01,"P1M","CH4_slope_umol_m2_d",497.6494882,1
"smartx",623,2022-06-28,"P1M","CH4_slope_umol_m2_d",436.1246284,1
"smartx",623,2022-07-25,"P1M","CH4_slope_umol_m2_d",1389.57453,1
"smartx",623,2022-08-22,"P1M","CH4_slope_umol_m2_d",1120.497872,1
"smartx",623,2022-09-15,"P1M","CH4_slope_umol_m2_d",1075.06387,1
"smartx",623,2023-04-17,"P1M","CH4_slope_umol_m2_d",762.5819046,1
"smartx",623,2023-05-12,"P1M","CH4_slope_umol_m2_d",595.1836552,1
"smartx",623,2023-07-11,"P1M","CH4_slope_umol_m2_d",530.8392503,1
"smartx",623,2023-08-14,"P1M","CH4_slope_umol_m2_d",749.2252908,1
"smartx",630,2016-06-13,"P1M","CH4_slope_umol_m2_d",1008.427808,1
"smartx",630,2016-07-07,"P1M","CH4_slope_umol_m2_d",502.8298131,1
"smartx",630,2016-07-28,"P1M","CH4_slope_umol_m2_d",784.2542155,1
"smartx",630,2016-08-24,"P1M","CH4_slope_umol_m2_d",439.7133629,1
"smartx",630,2016-10-05,"P1M","CH4_slope_umol_m2_d",117.688632,1
"smartx",630,2016-11-07,"P1M","CH4_slope_umol_m2_d",20.78735791,1
"smartx",630,2016-12-09,"P1M","CH4_slope_umol_m2_d",2.606400479,1
"smartx",630,2017-04-11,"P1M","CH4_slope_umol_m2_d",32.13694485,1
"smartx",630,2017-05-17,"P1M","CH4_slope_umol_m2_d",35.69633667,1
"smartx",630,2017-06-06,"P1M","CH4_slope_umol_m2_d",169.7014801,1
"smartx",630,2017-06-29,"P1M","CH4_slope_umol_m2_d",309.8470975,1
"smartx",630,2017-07-26,"P1M","CH4_slope_umol_m2_d",297.1680521,1
"smartx",630,2017-08-24,"P1M","CH4_slope_umol_m2_d",181.1229886,1
"smartx",630,2017-09-29,"P1M","CH4_slope_umol_m2_d",81.88961155,1
"smartx",630,2017-10-20,"P1M","CH4_slope_umol_m2_d",143.2562058,1
"smartx",630,2017-11-20,"P1M","CH4_slope_umol_m2_d",87.64838253,1
"smartx",630,2017-12-07,"P1M","CH4_slope_umol_m2_d",0.856597583,1
"smartx",630,2018-05-03,"P1M","CH4_slope_umol_m2_d",1.859629848,1
"smartx",630,2018-06-06,"P1M","CH4_slope_umol_m2_d",70.67945986,1
"smartx",630,2018-06-29,"P1M","CH4_slope_umol_m2_d",127.8140322,1
"smartx",630,2018-07-26,"P1M","CH4_slope_umol_m2_d",949.4182425,1
"smartx",630,2018-09-19,"P1M","CH4_slope_umol_m2_d",946.054522,1
"smartx",630,2018-10-18,"P1M","CH4_slope_umol_m2_d",439.3838726,1
"smartx",630,2018-11-16,"P1M","CH4_slope_umol_m2_d",438.2793949,1
"smartx",630,2022-04-04,"P1M","CH4_slope_umol_m2_d",22.18591783,1
"smartx",630,2022-05-03,"P1M","CH4_slope_umol_m2_d",35.01104711,1
"smartx",630,2022-06-01,"P1M","CH4_slope_umol_m2_d",116.9995474,1
"smartx",630,2022-06-28,"P1M","CH4_slope_umol_m2_d",120.2837525,1
"smartx",630,2022-07-25,"P1M","CH4_slope_umol_m2_d",284.9087673,1
"smartx",630,2022-08-22,"P1M","CH4_slope_umol_m2_d",479.3698269,1
"smartx",630,2022-09-15,"P1M","CH4_slope_umol_m2_d",292.9973548,1
"smartx",630,2023-04-17,"P1M","CH4_slope_umol_m2_d",48.55161595,1
"smartx",630,2023-05-12,"P1M","CH4_slope_umol_m2_d",36.72905313,1
"smartx",630,2023-07-11,"P1M","CH4_slope_umol_m2_d",200.8871243,1
"smartx",630,2023-08-14,"P1M","CH4_slope_umol_m2_d",141.8131755,1
"smartx",633,2016-06-16,"P1M","CH4_slope_umol_m2_d",138.7879143,1
"smartx",633,2016-07-07,"P1M","CH4_slope_umol_m2_d",640.9559165,1
"smartx",633,2016-07-28,"P1M","CH4_slope_umol_m2_d",387.3415146,1
"smartx",633,2016-08-24,"P1M","CH4_slope_umol_m2_d",306.7290825,1
"smartx",633,2016-10-05,"P1M","CH4_slope_umol_m2_d",171.336007,1
"smartx",633,2016-12-09,"P1M","CH4_slope_umol_m2_d",6.645486841,1
"smartx",633,2017-04-11,"P1M","CH4_slope_umol_m2_d",-8.332994414,1
"smartx",633,2017-05-17,"P1M","CH4_slope_umol_m2_d",163.1937598,1
"smartx",633,2017-06-06,"P1M","CH4_slope_umol_m2_d",354.277978,1
"smartx",633,2017-06-29,"P1M","CH4_slope_umol_m2_d",1062.756157,1
"smartx",633,2017-07-26,"P1M","CH4_slope_umol_m2_d",469.4659543,1
"smartx",633,2017-09-29,"P1M","CH4_slope_umol_m2_d",487.8351168,1
"smartx",633,2017-10-20,"P1M","CH4_slope_umol_m2_d",345.2944013,1
"smartx",633,2017-11-20,"P1M","CH4_slope_umol_m2_d",94.39332996,1
"smartx",633,2017-12-07,"P1M","CH4_slope_umol_m2_d",18.06305459,1
"smartx",633,2018-05-03,"P1M","CH4_slope_umol_m2_d",43.34307481,1
"smartx",633,2018-06-06,"P1M","CH4_slope_umol_m2_d",91.93484461,1
"smartx",633,2018-06-29,"P1M","CH4_slope_umol_m2_d",401.5832016,1
"smartx",633,2018-07-26,"P1M","CH4_slope_umol_m2_d",381.7164359,1
"smartx",633,2018-09-19,"P1M","CH4_slope_umol_m2_d",2120.638177,1
"smartx",633,2018-10-18,"P1M","CH4_slope_umol_m2_d",977.4583274,1
"smartx",633,2022-04-04,"P1M","CH4_slope_umol_m2_d",33.45995384,1
"smartx",633,2022-05-03,"P1M","CH4_slope_umol_m2_d",898.5562327,1
"smartx",633,2022-06-01,"P1M","CH4_slope_umol_m2_d",1767.360259,1
"smartx",633,2022-06-28,"P1M","CH4_slope_umol_m2_d",1252.994272,1
"smartx",633,2022-07-25,"P1M","CH4_slope_umol_m2_d",10794.66891,1
"smartx",633,2022-08-22,"P1M","CH4_slope_umol_m2_d",5223.670572,1
"smartx",633,2022-09-15,"P1M","CH4_slope_umol_m2_d",1892.436791,1
"smartx",633,2023-04-17,"P1M","CH4_slope_umol_m2_d",1181.995636,1
"smartx",633,2023-05-12,"P1M","CH4_slope_umol_m2_d",705.6926866,1
"smartx",633,2023-07-11,"P1M","CH4_slope_umol_m2_d",948.6093344,1
"smartx",633,2023-08-14,"P1M","CH4_slope_umol_m2_d",857.8129579,1
